INFO - 2024-10-06 12:32:26 --> Session: Class initialized using 'CodeIgniter\Session\Handlers\FileHandler' driver.
INFO - 2024-10-06 12:32:36 --> Session: Class initialized using 'CodeIgniter\Session\Handlers\FileHandler' driver.
INFO - 2024-10-06 12:32:42 --> Session: Class initialized using 'CodeIgniter\Session\Handlers\FileHandler' driver.
INFO - 2024-10-06 12:32:43 --> Session: Class initialized using 'CodeIgniter\Session\Handlers\FileHandler' driver.
INFO - 2024-10-06 12:32:44 --> Session: Class initialized using 'CodeIgniter\Session\Handlers\FileHandler' driver.
INFO - 2024-10-06 12:32:46 --> Session: Class initialized using 'CodeIgniter\Session\Handlers\FileHandler' driver.
INFO - 2024-10-06 12:32:50 --> Session: Class initialized using 'CodeIgniter\Session\Handlers\FileHandler' driver.
CRITICAL - 2024-10-06 12:32:50 --> Error: Call to a member function get() on array
[Method: POST, Route: administrateur/ajouterUnAvis]
in APPPATH\Controllers\Administrateur.php on line 141.
 1 SYSTEMPATH\CodeIgniter.php(933): App\Controllers\Administrateur->ajouterUnAvis()
 2 SYSTEMPATH\CodeIgniter.php(509): CodeIgniter\CodeIgniter->runController(Object(App\Controllers\Administrateur))
 3 SYSTEMPATH\CodeIgniter.php(355): CodeIgniter\CodeIgniter->handleRequest(null, Object(Config\Cache), false)
 4 SYSTEMPATH\Boot.php(325): CodeIgniter\CodeIgniter->run()
 5 SYSTEMPATH\Boot.php(67): CodeIgniter\Boot::runCodeIgniter(Object(CodeIgniter\CodeIgniter))
 6 FCPATH\index.php(56): CodeIgniter\Boot::bootWeb(Object(Config\Paths))
 7 SYSTEMPATH\rewrite.php(44): require_once('C:\\xampp\\htdocs\\Projet_Training\\BlogPlanete_CI4\\public\\index.php')
INFO - 2024-10-06 12:32:53 --> Session: Class initialized using 'CodeIgniter\Session\Handlers\FileHandler' driver.
INFO - 2024-10-06 12:33:14 --> Session: Class initialized using 'CodeIgniter\Session\Handlers\FileHandler' driver.
INFO - 2024-10-06 12:33:25 --> Session: Class initialized using 'CodeIgniter\Session\Handlers\FileHandler' driver.
CRITICAL - 2024-10-06 12:33:25 --> ErrorException: Array to string conversion
[Method: POST, Route: administrateur/ajouterUnAvis]
in SYSTEMPATH\Database\Query.php on line 331.
 1 [internal function]: CodeIgniter\Debug\Exceptions->errorHandler(2, 'Array to string conversion', 'C:\\xampp\\htdocs\\Projet_Training\\BlogPlanete_CI4\\system\\Database\\Query.php', 331)
 2 SYSTEMPATH\Database\Query.php(331): implode(',', [...])
 3 SYSTEMPATH\Database\Query.php(312): CodeIgniter\Database\Query->matchNamedBinds('INSERT INTO `avis` (`NOARTICLE`, `NOUTILISATEUR`, `TITRE`, `CONTENU`) VALUES (:NOARTICLE:, :NOUTILISATEUR:, :TITRE:, :CONTENU:)', [...])
 4 SYSTEMPATH\Database\Query.php(163): CodeIgniter\Database\Query->compileBinds()
 5 SYSTEMPATH\Database\BaseConnection.php(648): CodeIgniter\Database\Query->getQuery()
 6 SYSTEMPATH\Database\BaseBuilder.php(2340): CodeIgniter\Database\BaseConnection->query('INSERT INTO `avis` (`NOARTICLE`, `NOUTILISATEUR`, `TITRE`, `CONTENU`) VALUES (:NOARTICLE:, :NOUTILISATEUR:, :TITRE:, :CONTENU:)', [...], false)
 7 SYSTEMPATH\Model.php(394): CodeIgniter\Database\BaseBuilder->insert()
 8 SYSTEMPATH\BaseModel.php(840): CodeIgniter\Model->doInsert([...])
 9 SYSTEMPATH\Model.php(802): CodeIgniter\BaseModel->insert([...], false)
10 SYSTEMPATH\BaseModel.php(751): CodeIgniter\Model->insert([...], false)
11 APPPATH\Controllers\Administrateur.php(147): CodeIgniter\BaseModel->save([...])
12 SYSTEMPATH\CodeIgniter.php(933): App\Controllers\Administrateur->ajouterUnAvis()
13 SYSTEMPATH\CodeIgniter.php(509): CodeIgniter\CodeIgniter->runController(Object(App\Controllers\Administrateur))
14 SYSTEMPATH\CodeIgniter.php(355): CodeIgniter\CodeIgniter->handleRequest(null, Object(Config\Cache), false)
15 SYSTEMPATH\Boot.php(325): CodeIgniter\CodeIgniter->run()
16 SYSTEMPATH\Boot.php(67): CodeIgniter\Boot::runCodeIgniter(Object(CodeIgniter\CodeIgniter))
17 FCPATH\index.php(56): CodeIgniter\Boot::bootWeb(Object(Config\Paths))
18 SYSTEMPATH\rewrite.php(44): require_once('C:\\xampp\\htdocs\\Projet_Training\\BlogPlanete_CI4\\public\\index.php')
INFO - 2024-10-06 12:35:34 --> Session: Class initialized using 'CodeIgniter\Session\Handlers\FileHandler' driver.
INFO - 2024-10-06 12:35:37 --> Session: Class initialized using 'CodeIgniter\Session\Handlers\FileHandler' driver.
INFO - 2024-10-06 12:35:40 --> Session: Class initialized using 'CodeIgniter\Session\Handlers\FileHandler' driver.
CRITICAL - 2024-10-06 12:35:40 --> ErrorException: Array to string conversion
[Method: POST, Route: administrateur/ajouterUnAvis]
in SYSTEMPATH\Database\Query.php on line 331.
 1 [internal function]: CodeIgniter\Debug\Exceptions->errorHandler(2, 'Array to string conversion', 'C:\\xampp\\htdocs\\Projet_Training\\BlogPlanete_CI4\\system\\Database\\Query.php', 331)
 2 SYSTEMPATH\Database\Query.php(331): implode(',', [...])
 3 SYSTEMPATH\Database\Query.php(312): CodeIgniter\Database\Query->matchNamedBinds('INSERT INTO `avis` (`NOARTICLE`, `NOUTILISATEUR`, `TITRE`, `CONTENU`) VALUES (:NOARTICLE:, :NOUTILISATEUR:, :TITRE:, :CONTENU:)', [...])
 4 SYSTEMPATH\Database\Query.php(163): CodeIgniter\Database\Query->compileBinds()
 5 SYSTEMPATH\Database\BaseConnection.php(648): CodeIgniter\Database\Query->getQuery()
 6 SYSTEMPATH\Database\BaseBuilder.php(2340): CodeIgniter\Database\BaseConnection->query('INSERT INTO `avis` (`NOARTICLE`, `NOUTILISATEUR`, `TITRE`, `CONTENU`) VALUES (:NOARTICLE:, :NOUTILISATEUR:, :TITRE:, :CONTENU:)', [...], false)
 7 SYSTEMPATH\Model.php(394): CodeIgniter\Database\BaseBuilder->insert()
 8 SYSTEMPATH\BaseModel.php(840): CodeIgniter\Model->doInsert([...])
 9 SYSTEMPATH\Model.php(802): CodeIgniter\BaseModel->insert([...], false)
10 SYSTEMPATH\BaseModel.php(751): CodeIgniter\Model->insert([...], false)
11 APPPATH\Controllers\Administrateur.php(146): CodeIgniter\BaseModel->save([...])
12 SYSTEMPATH\CodeIgniter.php(933): App\Controllers\Administrateur->ajouterUnAvis()
13 SYSTEMPATH\CodeIgniter.php(509): CodeIgniter\CodeIgniter->runController(Object(App\Controllers\Administrateur))
14 SYSTEMPATH\CodeIgniter.php(355): CodeIgniter\CodeIgniter->handleRequest(null, Object(Config\Cache), false)
15 SYSTEMPATH\Boot.php(325): CodeIgniter\CodeIgniter->run()
16 SYSTEMPATH\Boot.php(67): CodeIgniter\Boot::runCodeIgniter(Object(CodeIgniter\CodeIgniter))
17 FCPATH\index.php(56): CodeIgniter\Boot::bootWeb(Object(Config\Paths))
18 SYSTEMPATH\rewrite.php(44): require_once('C:\\xampp\\htdocs\\Projet_Training\\BlogPlanete_CI4\\public\\index.php')
INFO - 2024-10-06 12:36:18 --> Session: Class initialized using 'CodeIgniter\Session\Handlers\FileHandler' driver.
INFO - 2024-10-06 12:36:19 --> Session: Class initialized using 'CodeIgniter\Session\Handlers\FileHandler' driver.
INFO - 2024-10-06 12:36:22 --> Session: Class initialized using 'CodeIgniter\Session\Handlers\FileHandler' driver.
CRITICAL - 2024-10-06 12:36:22 --> ErrorException: Undefined array key "NOARTICLE"
[Method: POST, Route: administrateur/ajouterUnAvis]
in APPPATH\Controllers\Administrateur.php on line 140.
 1 APPPATH\Controllers\Administrateur.php(140): CodeIgniter\Debug\Exceptions->errorHandler(2, 'Undefined array key "NOARTICLE"', 'C:\\xampp\\htdocs\\Projet_Training\\BlogPlanete_CI4\\app\\Controllers\\Administrateur.php', 140)
 2 SYSTEMPATH\CodeIgniter.php(933): App\Controllers\Administrateur->ajouterUnAvis()
 3 SYSTEMPATH\CodeIgniter.php(509): CodeIgniter\CodeIgniter->runController(Object(App\Controllers\Administrateur))
 4 SYSTEMPATH\CodeIgniter.php(355): CodeIgniter\CodeIgniter->handleRequest(null, Object(Config\Cache), false)
 5 SYSTEMPATH\Boot.php(325): CodeIgniter\CodeIgniter->run()
 6 SYSTEMPATH\Boot.php(67): CodeIgniter\Boot::runCodeIgniter(Object(CodeIgniter\CodeIgniter))
 7 FCPATH\index.php(56): CodeIgniter\Boot::bootWeb(Object(Config\Paths))
 8 SYSTEMPATH\rewrite.php(44): require_once('C:\\xampp\\htdocs\\Projet_Training\\BlogPlanete_CI4\\public\\index.php')
INFO - 2024-10-06 12:36:24 --> Session: Class initialized using 'CodeIgniter\Session\Handlers\FileHandler' driver.
INFO - 2024-10-06 12:36:32 --> Session: Class initialized using 'CodeIgniter\Session\Handlers\FileHandler' driver.
INFO - 2024-10-06 12:54:49 --> Session: Class initialized using 'CodeIgniter\Session\Handlers\FileHandler' driver.
CRITICAL - 2024-10-06 12:54:49 --> ParseError: syntax error, unexpected token "<", expecting end of file
[Method: GET, Route: administrateur/ajouterUnAvis/4]
in APPPATH\Views\administrateur\ajouterUnAvis.php on line 17.
 1 SYSTEMPATH\View\View.php(237): CodeIgniter\View\View->CodeIgniter\View\{closure}()
 2 SYSTEMPATH\Common.php(1171): CodeIgniter\View\View->render('administrateur/ajouterUnAvis', [], true)
 3 APPPATH\Controllers\Administrateur.php(140): view('administrateur/ajouterUnAvis', [...])
 4 SYSTEMPATH\CodeIgniter.php(933): App\Controllers\Administrateur->ajouterUnAvis('4')
 5 SYSTEMPATH\CodeIgniter.php(509): CodeIgniter\CodeIgniter->runController(Object(App\Controllers\Administrateur))
 6 SYSTEMPATH\CodeIgniter.php(355): CodeIgniter\CodeIgniter->handleRequest(null, Object(Config\Cache), false)
 7 SYSTEMPATH\Boot.php(325): CodeIgniter\CodeIgniter->run()
 8 SYSTEMPATH\Boot.php(67): CodeIgniter\Boot::runCodeIgniter(Object(CodeIgniter\CodeIgniter))
 9 FCPATH\index.php(56): CodeIgniter\Boot::bootWeb(Object(Config\Paths))
10 SYSTEMPATH\rewrite.php(44): require_once('C:\\xampp\\htdocs\\Projet_Training\\BlogPlanete_CI4\\public\\index.php')
INFO - 2024-10-06 12:55:02 --> Session: Class initialized using 'CodeIgniter\Session\Handlers\FileHandler' driver.
INFO - 2024-10-06 12:55:17 --> Session: Class initialized using 'CodeIgniter\Session\Handlers\FileHandler' driver.
INFO - 2024-10-06 13:10:06 --> Session: Class initialized using 'CodeIgniter\Session\Handlers\FileHandler' driver.
INFO - 2024-10-06 13:10:20 --> Session: Class initialized using 'CodeIgniter\Session\Handlers\FileHandler' driver.
INFO - 2024-10-06 13:12:36 --> Session: Class initialized using 'CodeIgniter\Session\Handlers\FileHandler' driver.
INFO - 2024-10-06 13:12:58 --> Session: Class initialized using 'CodeIgniter\Session\Handlers\FileHandler' driver.
INFO - 2024-10-06 13:13:30 --> Session: Class initialized using 'CodeIgniter\Session\Handlers\FileHandler' driver.
INFO - 2024-10-06 13:13:40 --> Session: Class initialized using 'CodeIgniter\Session\Handlers\FileHandler' driver.
INFO - 2024-10-06 13:13:40 --> Session: Class initialized using 'CodeIgniter\Session\Handlers\FileHandler' driver.
INFO - 2024-10-06 13:13:42 --> Session: Class initialized using 'CodeIgniter\Session\Handlers\FileHandler' driver.
INFO - 2024-10-06 13:14:44 --> Session: Class initialized using 'CodeIgniter\Session\Handlers\FileHandler' driver.
INFO - 2024-10-06 13:14:53 --> Session: Class initialized using 'CodeIgniter\Session\Handlers\FileHandler' driver.
INFO - 2024-10-06 13:14:54 --> Session: Class initialized using 'CodeIgniter\Session\Handlers\FileHandler' driver.
INFO - 2024-10-06 13:15:11 --> Session: Class initialized using 'CodeIgniter\Session\Handlers\FileHandler' driver.
INFO - 2024-10-06 13:15:11 --> Session: Class initialized using 'CodeIgniter\Session\Handlers\FileHandler' driver.
INFO - 2024-10-06 13:15:16 --> Session: Class initialized using 'CodeIgniter\Session\Handlers\FileHandler' driver.
INFO - 2024-10-06 13:15:23 --> Session: Class initialized using 'CodeIgniter\Session\Handlers\FileHandler' driver.
INFO - 2024-10-06 13:16:03 --> Session: Class initialized using 'CodeIgniter\Session\Handlers\FileHandler' driver.
INFO - 2024-10-06 13:16:44 --> Session: Class initialized using 'CodeIgniter\Session\Handlers\FileHandler' driver.
ERROR - 2024-10-06 13:16:44 --> mysqli_sql_exception: Column 'NOARTICLE' cannot be null in C:\xampp\htdocs\Projet_Training\BlogPlanete_CI4\system\Database\MySQLi\Connection.php:312
Stack trace:
#0 C:\xampp\htdocs\Projet_Training\BlogPlanete_CI4\system\Database\MySQLi\Connection.php(312): mysqli->query('INSERT INTO `av...', 0)
#1 C:\xampp\htdocs\Projet_Training\BlogPlanete_CI4\system\Database\BaseConnection.php(734): CodeIgniter\Database\MySQLi\Connection->execute('INSERT INTO `av...')
#2 C:\xampp\htdocs\Projet_Training\BlogPlanete_CI4\system\Database\BaseConnection.php(648): CodeIgniter\Database\BaseConnection->simpleQuery('INSERT INTO `av...')
#3 C:\xampp\htdocs\Projet_Training\BlogPlanete_CI4\system\Database\BaseBuilder.php(2340): CodeIgniter\Database\BaseConnection->query('INSERT INTO `av...', Array, false)
#4 C:\xampp\htdocs\Projet_Training\BlogPlanete_CI4\system\Model.php(394): CodeIgniter\Database\BaseBuilder->insert()
#5 C:\xampp\htdocs\Projet_Training\BlogPlanete_CI4\system\BaseModel.php(840): CodeIgniter\Model->doInsert(Array)
#6 C:\xampp\htdocs\Projet_Training\BlogPlanete_CI4\system\Model.php(802): CodeIgniter\BaseModel->insert(Array, false)
#7 C:\xampp\htdocs\Projet_Training\BlogPlanete_CI4\system\BaseModel.php(751): CodeIgniter\Model->insert(Array, false)
#8 C:\xampp\htdocs\Projet_Training\BlogPlanete_CI4\app\Controllers\Administrateur.php(149): CodeIgniter\BaseModel->save(Array)
#9 C:\xampp\htdocs\Projet_Training\BlogPlanete_CI4\system\CodeIgniter.php(933): App\Controllers\Administrateur->ajouterUnAvis()
#10 C:\xampp\htdocs\Projet_Training\BlogPlanete_CI4\system\CodeIgniter.php(509): CodeIgniter\CodeIgniter->runController(Object(App\Controllers\Administrateur))
#11 C:\xampp\htdocs\Projet_Training\BlogPlanete_CI4\system\CodeIgniter.php(355): CodeIgniter\CodeIgniter->handleRequest(NULL, Object(Config\Cache), false)
#12 C:\xampp\htdocs\Projet_Training\BlogPlanete_CI4\system\Boot.php(325): CodeIgniter\CodeIgniter->run()
#13 C:\xampp\htdocs\Projet_Training\BlogPlanete_CI4\system\Boot.php(67): CodeIgniter\Boot::runCodeIgniter(Object(CodeIgniter\CodeIgniter))
#14 C:\xampp\htdocs\Projet_Training\BlogPlanete_CI4\public\index.php(56): CodeIgniter\Boot::bootWeb(Object(Config\Paths))
#15 C:\xampp\htdocs\Projet_Training\BlogPlanete_CI4\system\rewrite.php(44): require_once('C:\\xampp\\htdocs...')
#16 {main}
CRITICAL - 2024-10-06 13:16:44 --> CodeIgniter\Database\Exceptions\DatabaseException: Column 'NOARTICLE' cannot be null
[Method: POST, Route: administrateur/ajouterUnAvis]
in SYSTEMPATH\Database\BaseConnection.php on line 688.
 1 SYSTEMPATH\Database\BaseBuilder.php(2340): CodeIgniter\Database\BaseConnection->query('INSERT INTO `avis` (`NOARTICLE`, `NOUTILISATEUR`, `TITRE`, `CONTENU`) VALUES (:NOARTICLE:, :NOUTILISATEUR:, :TITRE:, :CONTENU:)', [...], false)
 2 SYSTEMPATH\Model.php(394): CodeIgniter\Database\BaseBuilder->insert()
 3 SYSTEMPATH\BaseModel.php(840): CodeIgniter\Model->doInsert([...])
 4 SYSTEMPATH\Model.php(802): CodeIgniter\BaseModel->insert([...], false)
 5 SYSTEMPATH\BaseModel.php(751): CodeIgniter\Model->insert([...], false)
 6 APPPATH\Controllers\Administrateur.php(149): CodeIgniter\BaseModel->save([...])
 7 SYSTEMPATH\CodeIgniter.php(933): App\Controllers\Administrateur->ajouterUnAvis()
 8 SYSTEMPATH\CodeIgniter.php(509): CodeIgniter\CodeIgniter->runController(Object(App\Controllers\Administrateur))
 9 SYSTEMPATH\CodeIgniter.php(355): CodeIgniter\CodeIgniter->handleRequest(null, Object(Config\Cache), false)
10 SYSTEMPATH\Boot.php(325): CodeIgniter\CodeIgniter->run()
11 SYSTEMPATH\Boot.php(67): CodeIgniter\Boot::runCodeIgniter(Object(CodeIgniter\CodeIgniter))
12 FCPATH\index.php(56): CodeIgniter\Boot::bootWeb(Object(Config\Paths))
13 SYSTEMPATH\rewrite.php(44): require_once('C:\\xampp\\htdocs\\Projet_Training\\BlogPlanete_CI4\\public\\index.php')
CRITICAL - 2024-10-06 13:16:44 --> [Caused by] CodeIgniter\Database\Exceptions\DatabaseException: Column 'NOARTICLE' cannot be null
in SYSTEMPATH\Database\MySQLi\Connection.php on line 317.
 1 SYSTEMPATH\Database\BaseConnection.php(734): CodeIgniter\Database\MySQLi\Connection->execute('INSERT INTO `avis` (`NOARTICLE`, `NOUTILISATEUR`, `TITRE`, `CONTENU`) VALUES (NULL, NULL, \'rr\', \'tt\')')
 2 SYSTEMPATH\Database\BaseConnection.php(648): CodeIgniter\Database\BaseConnection->simpleQuery('INSERT INTO `avis` (`NOARTICLE`, `NOUTILISATEUR`, `TITRE`, `CONTENU`) VALUES (NULL, NULL, \'rr\', \'tt\')')
 3 SYSTEMPATH\Database\BaseBuilder.php(2340): CodeIgniter\Database\BaseConnection->query('INSERT INTO `avis` (`NOARTICLE`, `NOUTILISATEUR`, `TITRE`, `CONTENU`) VALUES (:NOARTICLE:, :NOUTILISATEUR:, :TITRE:, :CONTENU:)', [...], false)
 4 SYSTEMPATH\Model.php(394): CodeIgniter\Database\BaseBuilder->insert()
 5 SYSTEMPATH\BaseModel.php(840): CodeIgniter\Model->doInsert([...])
 6 SYSTEMPATH\Model.php(802): CodeIgniter\BaseModel->insert([...], false)
 7 SYSTEMPATH\BaseModel.php(751): CodeIgniter\Model->insert([...], false)
 8 APPPATH\Controllers\Administrateur.php(149): CodeIgniter\BaseModel->save([...])
 9 SYSTEMPATH\CodeIgniter.php(933): App\Controllers\Administrateur->ajouterUnAvis()
10 SYSTEMPATH\CodeIgniter.php(509): CodeIgniter\CodeIgniter->runController(Object(App\Controllers\Administrateur))
11 SYSTEMPATH\CodeIgniter.php(355): CodeIgniter\CodeIgniter->handleRequest(null, Object(Config\Cache), false)
12 SYSTEMPATH\Boot.php(325): CodeIgniter\CodeIgniter->run()
13 SYSTEMPATH\Boot.php(67): CodeIgniter\Boot::runCodeIgniter(Object(CodeIgniter\CodeIgniter))
14 FCPATH\index.php(56): CodeIgniter\Boot::bootWeb(Object(Config\Paths))
15 SYSTEMPATH\rewrite.php(44): require_once('C:\\xampp\\htdocs\\Projet_Training\\BlogPlanete_CI4\\public\\index.php')
CRITICAL - 2024-10-06 13:16:44 --> [Caused by] mysqli_sql_exception: Column 'NOARTICLE' cannot be null
in SYSTEMPATH\Database\MySQLi\Connection.php on line 312.
 1 SYSTEMPATH\Database\MySQLi\Connection.php(312): mysqli->query('INSERT INTO `avis` (`NOARTICLE`, `NOUTILISATEUR`, `TITRE`, `CONTENU`) VALUES (NULL, NULL, \'rr\', \'tt\')', 0)
 2 SYSTEMPATH\Database\BaseConnection.php(734): CodeIgniter\Database\MySQLi\Connection->execute('INSERT INTO `avis` (`NOARTICLE`, `NOUTILISATEUR`, `TITRE`, `CONTENU`) VALUES (NULL, NULL, \'rr\', \'tt\')')
 3 SYSTEMPATH\Database\BaseConnection.php(648): CodeIgniter\Database\BaseConnection->simpleQuery('INSERT INTO `avis` (`NOARTICLE`, `NOUTILISATEUR`, `TITRE`, `CONTENU`) VALUES (NULL, NULL, \'rr\', \'tt\')')
 4 SYSTEMPATH\Database\BaseBuilder.php(2340): CodeIgniter\Database\BaseConnection->query('INSERT INTO `avis` (`NOARTICLE`, `NOUTILISATEUR`, `TITRE`, `CONTENU`) VALUES (:NOARTICLE:, :NOUTILISATEUR:, :TITRE:, :CONTENU:)', [...], false)
 5 SYSTEMPATH\Model.php(394): CodeIgniter\Database\BaseBuilder->insert()
 6 SYSTEMPATH\BaseModel.php(840): CodeIgniter\Model->doInsert([...])
 7 SYSTEMPATH\Model.php(802): CodeIgniter\BaseModel->insert([...], false)
 8 SYSTEMPATH\BaseModel.php(751): CodeIgniter\Model->insert([...], false)
 9 APPPATH\Controllers\Administrateur.php(149): CodeIgniter\BaseModel->save([...])
10 SYSTEMPATH\CodeIgniter.php(933): App\Controllers\Administrateur->ajouterUnAvis()
11 SYSTEMPATH\CodeIgniter.php(509): CodeIgniter\CodeIgniter->runController(Object(App\Controllers\Administrateur))
12 SYSTEMPATH\CodeIgniter.php(355): CodeIgniter\CodeIgniter->handleRequest(null, Object(Config\Cache), false)
13 SYSTEMPATH\Boot.php(325): CodeIgniter\CodeIgniter->run()
14 SYSTEMPATH\Boot.php(67): CodeIgniter\Boot::runCodeIgniter(Object(CodeIgniter\CodeIgniter))
15 FCPATH\index.php(56): CodeIgniter\Boot::bootWeb(Object(Config\Paths))
16 SYSTEMPATH\rewrite.php(44): require_once('C:\\xampp\\htdocs\\Projet_Training\\BlogPlanete_CI4\\public\\index.php')
INFO - 2024-10-06 13:16:48 --> Session: Class initialized using 'CodeIgniter\Session\Handlers\FileHandler' driver.
INFO - 2024-10-06 13:17:03 --> Session: Class initialized using 'CodeIgniter\Session\Handlers\FileHandler' driver.
CRITICAL - 2024-10-06 13:17:14 --> ArgumentCountError: Too few arguments to function App\Controllers\Administrateur::ajouterUnAvis(), 0 passed in C:\xampp\htdocs\Projet_Training\BlogPlanete_CI4\system\CodeIgniter.php on line 933 and exactly 1 expected
[Method: POST, Route: administrateur/ajouterUnAvis]
in APPPATH\Controllers\Administrateur.php on line 105.
 1 SYSTEMPATH\CodeIgniter.php(933): App\Controllers\Administrateur->ajouterUnAvis()
 2 SYSTEMPATH\CodeIgniter.php(509): CodeIgniter\CodeIgniter->runController(Object(App\Controllers\Administrateur))
 3 SYSTEMPATH\CodeIgniter.php(355): CodeIgniter\CodeIgniter->handleRequest(null, Object(Config\Cache), false)
 4 SYSTEMPATH\Boot.php(325): CodeIgniter\CodeIgniter->run()
 5 SYSTEMPATH\Boot.php(67): CodeIgniter\Boot::runCodeIgniter(Object(CodeIgniter\CodeIgniter))
 6 FCPATH\index.php(56): CodeIgniter\Boot::bootWeb(Object(Config\Paths))
 7 SYSTEMPATH\rewrite.php(44): require_once('C:\\xampp\\htdocs\\Projet_Training\\BlogPlanete_CI4\\public\\index.php')
INFO - 2024-10-06 13:17:35 --> Session: Class initialized using 'CodeIgniter\Session\Handlers\FileHandler' driver.
INFO - 2024-10-06 13:17:37 --> Session: Class initialized using 'CodeIgniter\Session\Handlers\FileHandler' driver.
INFO - 2024-10-06 13:17:51 --> Session: Class initialized using 'CodeIgniter\Session\Handlers\FileHandler' driver.
ERROR - 2024-10-06 13:17:51 --> mysqli_sql_exception: Column 'NOUTILISATEUR' cannot be null in C:\xampp\htdocs\Projet_Training\BlogPlanete_CI4\system\Database\MySQLi\Connection.php:312
Stack trace:
#0 C:\xampp\htdocs\Projet_Training\BlogPlanete_CI4\system\Database\MySQLi\Connection.php(312): mysqli->query('INSERT INTO `av...', 0)
#1 C:\xampp\htdocs\Projet_Training\BlogPlanete_CI4\system\Database\BaseConnection.php(734): CodeIgniter\Database\MySQLi\Connection->execute('INSERT INTO `av...')
#2 C:\xampp\htdocs\Projet_Training\BlogPlanete_CI4\system\Database\BaseConnection.php(648): CodeIgniter\Database\BaseConnection->simpleQuery('INSERT INTO `av...')
#3 C:\xampp\htdocs\Projet_Training\BlogPlanete_CI4\system\Database\BaseBuilder.php(2340): CodeIgniter\Database\BaseConnection->query('INSERT INTO `av...', Array, false)
#4 C:\xampp\htdocs\Projet_Training\BlogPlanete_CI4\system\Model.php(394): CodeIgniter\Database\BaseBuilder->insert()
#5 C:\xampp\htdocs\Projet_Training\BlogPlanete_CI4\system\BaseModel.php(840): CodeIgniter\Model->doInsert(Array)
#6 C:\xampp\htdocs\Projet_Training\BlogPlanete_CI4\system\Model.php(802): CodeIgniter\BaseModel->insert(Array, false)
#7 C:\xampp\htdocs\Projet_Training\BlogPlanete_CI4\system\BaseModel.php(751): CodeIgniter\Model->insert(Array, false)
#8 C:\xampp\htdocs\Projet_Training\BlogPlanete_CI4\app\Controllers\Administrateur.php(149): CodeIgniter\BaseModel->save(Array)
#9 C:\xampp\htdocs\Projet_Training\BlogPlanete_CI4\system\CodeIgniter.php(933): App\Controllers\Administrateur->ajouterUnAvis()
#10 C:\xampp\htdocs\Projet_Training\BlogPlanete_CI4\system\CodeIgniter.php(509): CodeIgniter\CodeIgniter->runController(Object(App\Controllers\Administrateur))
#11 C:\xampp\htdocs\Projet_Training\BlogPlanete_CI4\system\CodeIgniter.php(355): CodeIgniter\CodeIgniter->handleRequest(NULL, Object(Config\Cache), false)
#12 C:\xampp\htdocs\Projet_Training\BlogPlanete_CI4\system\Boot.php(325): CodeIgniter\CodeIgniter->run()
#13 C:\xampp\htdocs\Projet_Training\BlogPlanete_CI4\system\Boot.php(67): CodeIgniter\Boot::runCodeIgniter(Object(CodeIgniter\CodeIgniter))
#14 C:\xampp\htdocs\Projet_Training\BlogPlanete_CI4\public\index.php(56): CodeIgniter\Boot::bootWeb(Object(Config\Paths))
#15 C:\xampp\htdocs\Projet_Training\BlogPlanete_CI4\system\rewrite.php(44): require_once('C:\\xampp\\htdocs...')
#16 {main}
CRITICAL - 2024-10-06 13:17:51 --> CodeIgniter\Database\Exceptions\DatabaseException: Column 'NOUTILISATEUR' cannot be null
[Method: POST, Route: administrateur/ajouterUnAvis]
in SYSTEMPATH\Database\BaseConnection.php on line 688.
 1 SYSTEMPATH\Database\BaseBuilder.php(2340): CodeIgniter\Database\BaseConnection->query('INSERT INTO `avis` (`NOARTICLE`, `NOUTILISATEUR`, `TITRE`, `CONTENU`) VALUES (:NOARTICLE:, :NOUTILISATEUR:, :TITRE:, :CONTENU:)', [...], false)
 2 SYSTEMPATH\Model.php(394): CodeIgniter\Database\BaseBuilder->insert()
 3 SYSTEMPATH\BaseModel.php(840): CodeIgniter\Model->doInsert([...])
 4 SYSTEMPATH\Model.php(802): CodeIgniter\BaseModel->insert([...], false)
 5 SYSTEMPATH\BaseModel.php(751): CodeIgniter\Model->insert([...], false)
 6 APPPATH\Controllers\Administrateur.php(149): CodeIgniter\BaseModel->save([...])
 7 SYSTEMPATH\CodeIgniter.php(933): App\Controllers\Administrateur->ajouterUnAvis()
 8 SYSTEMPATH\CodeIgniter.php(509): CodeIgniter\CodeIgniter->runController(Object(App\Controllers\Administrateur))
 9 SYSTEMPATH\CodeIgniter.php(355): CodeIgniter\CodeIgniter->handleRequest(null, Object(Config\Cache), false)
10 SYSTEMPATH\Boot.php(325): CodeIgniter\CodeIgniter->run()
11 SYSTEMPATH\Boot.php(67): CodeIgniter\Boot::runCodeIgniter(Object(CodeIgniter\CodeIgniter))
12 FCPATH\index.php(56): CodeIgniter\Boot::bootWeb(Object(Config\Paths))
13 SYSTEMPATH\rewrite.php(44): require_once('C:\\xampp\\htdocs\\Projet_Training\\BlogPlanete_CI4\\public\\index.php')
CRITICAL - 2024-10-06 13:17:51 --> [Caused by] CodeIgniter\Database\Exceptions\DatabaseException: Column 'NOUTILISATEUR' cannot be null
in SYSTEMPATH\Database\MySQLi\Connection.php on line 317.
 1 SYSTEMPATH\Database\BaseConnection.php(734): CodeIgniter\Database\MySQLi\Connection->execute('INSERT INTO `avis` (`NOARTICLE`, `NOUTILISATEUR`, `TITRE`, `CONTENU`) VALUES (0, NULL, \'tt\', \'tt\')')
 2 SYSTEMPATH\Database\BaseConnection.php(648): CodeIgniter\Database\BaseConnection->simpleQuery('INSERT INTO `avis` (`NOARTICLE`, `NOUTILISATEUR`, `TITRE`, `CONTENU`) VALUES (0, NULL, \'tt\', \'tt\')')
 3 SYSTEMPATH\Database\BaseBuilder.php(2340): CodeIgniter\Database\BaseConnection->query('INSERT INTO `avis` (`NOARTICLE`, `NOUTILISATEUR`, `TITRE`, `CONTENU`) VALUES (:NOARTICLE:, :NOUTILISATEUR:, :TITRE:, :CONTENU:)', [...], false)
 4 SYSTEMPATH\Model.php(394): CodeIgniter\Database\BaseBuilder->insert()
 5 SYSTEMPATH\BaseModel.php(840): CodeIgniter\Model->doInsert([...])
 6 SYSTEMPATH\Model.php(802): CodeIgniter\BaseModel->insert([...], false)
 7 SYSTEMPATH\BaseModel.php(751): CodeIgniter\Model->insert([...], false)
 8 APPPATH\Controllers\Administrateur.php(149): CodeIgniter\BaseModel->save([...])
 9 SYSTEMPATH\CodeIgniter.php(933): App\Controllers\Administrateur->ajouterUnAvis()
10 SYSTEMPATH\CodeIgniter.php(509): CodeIgniter\CodeIgniter->runController(Object(App\Controllers\Administrateur))
11 SYSTEMPATH\CodeIgniter.php(355): CodeIgniter\CodeIgniter->handleRequest(null, Object(Config\Cache), false)
12 SYSTEMPATH\Boot.php(325): CodeIgniter\CodeIgniter->run()
13 SYSTEMPATH\Boot.php(67): CodeIgniter\Boot::runCodeIgniter(Object(CodeIgniter\CodeIgniter))
14 FCPATH\index.php(56): CodeIgniter\Boot::bootWeb(Object(Config\Paths))
15 SYSTEMPATH\rewrite.php(44): require_once('C:\\xampp\\htdocs\\Projet_Training\\BlogPlanete_CI4\\public\\index.php')
CRITICAL - 2024-10-06 13:17:51 --> [Caused by] mysqli_sql_exception: Column 'NOUTILISATEUR' cannot be null
in SYSTEMPATH\Database\MySQLi\Connection.php on line 312.
 1 SYSTEMPATH\Database\MySQLi\Connection.php(312): mysqli->query('INSERT INTO `avis` (`NOARTICLE`, `NOUTILISATEUR`, `TITRE`, `CONTENU`) VALUES (0, NULL, \'tt\', \'tt\')', 0)
 2 SYSTEMPATH\Database\BaseConnection.php(734): CodeIgniter\Database\MySQLi\Connection->execute('INSERT INTO `avis` (`NOARTICLE`, `NOUTILISATEUR`, `TITRE`, `CONTENU`) VALUES (0, NULL, \'tt\', \'tt\')')
 3 SYSTEMPATH\Database\BaseConnection.php(648): CodeIgniter\Database\BaseConnection->simpleQuery('INSERT INTO `avis` (`NOARTICLE`, `NOUTILISATEUR`, `TITRE`, `CONTENU`) VALUES (0, NULL, \'tt\', \'tt\')')
 4 SYSTEMPATH\Database\BaseBuilder.php(2340): CodeIgniter\Database\BaseConnection->query('INSERT INTO `avis` (`NOARTICLE`, `NOUTILISATEUR`, `TITRE`, `CONTENU`) VALUES (:NOARTICLE:, :NOUTILISATEUR:, :TITRE:, :CONTENU:)', [...], false)
 5 SYSTEMPATH\Model.php(394): CodeIgniter\Database\BaseBuilder->insert()
 6 SYSTEMPATH\BaseModel.php(840): CodeIgniter\Model->doInsert([...])
 7 SYSTEMPATH\Model.php(802): CodeIgniter\BaseModel->insert([...], false)
 8 SYSTEMPATH\BaseModel.php(751): CodeIgniter\Model->insert([...], false)
 9 APPPATH\Controllers\Administrateur.php(149): CodeIgniter\BaseModel->save([...])
10 SYSTEMPATH\CodeIgniter.php(933): App\Controllers\Administrateur->ajouterUnAvis()
11 SYSTEMPATH\CodeIgniter.php(509): CodeIgniter\CodeIgniter->runController(Object(App\Controllers\Administrateur))
12 SYSTEMPATH\CodeIgniter.php(355): CodeIgniter\CodeIgniter->handleRequest(null, Object(Config\Cache), false)
13 SYSTEMPATH\Boot.php(325): CodeIgniter\CodeIgniter->run()
14 SYSTEMPATH\Boot.php(67): CodeIgniter\Boot::runCodeIgniter(Object(CodeIgniter\CodeIgniter))
15 FCPATH\index.php(56): CodeIgniter\Boot::bootWeb(Object(Config\Paths))
16 SYSTEMPATH\rewrite.php(44): require_once('C:\\xampp\\htdocs\\Projet_Training\\BlogPlanete_CI4\\public\\index.php')
INFO - 2024-10-06 13:18:02 --> Session: Class initialized using 'CodeIgniter\Session\Handlers\FileHandler' driver.
INFO - 2024-10-06 13:18:12 --> Session: Class initialized using 'CodeIgniter\Session\Handlers\FileHandler' driver.
CRITICAL - 2024-10-06 13:18:31 --> ArgumentCountError: Too few arguments to function App\Controllers\Administrateur::ajouterUnAvis(), 0 passed in C:\xampp\htdocs\Projet_Training\BlogPlanete_CI4\system\CodeIgniter.php on line 933 and exactly 1 expected
[Method: POST, Route: administrateur/ajouterUnAvis]
in APPPATH\Controllers\Administrateur.php on line 105.
 1 SYSTEMPATH\CodeIgniter.php(933): App\Controllers\Administrateur->ajouterUnAvis()
 2 SYSTEMPATH\CodeIgniter.php(509): CodeIgniter\CodeIgniter->runController(Object(App\Controllers\Administrateur))
 3 SYSTEMPATH\CodeIgniter.php(355): CodeIgniter\CodeIgniter->handleRequest(null, Object(Config\Cache), false)
 4 SYSTEMPATH\Boot.php(325): CodeIgniter\CodeIgniter->run()
 5 SYSTEMPATH\Boot.php(67): CodeIgniter\Boot::runCodeIgniter(Object(CodeIgniter\CodeIgniter))
 6 FCPATH\index.php(56): CodeIgniter\Boot::bootWeb(Object(Config\Paths))
 7 SYSTEMPATH\rewrite.php(44): require_once('C:\\xampp\\htdocs\\Projet_Training\\BlogPlanete_CI4\\public\\index.php')
INFO - 2024-10-06 13:19:29 --> Session: Class initialized using 'CodeIgniter\Session\Handlers\FileHandler' driver.
CRITICAL - 2024-10-06 13:23:35 --> ArgumentCountError: Too few arguments to function App\Controllers\Administrateur::ajouterUnAvis(), 0 passed in C:\xampp\htdocs\Projet_Training\BlogPlanete_CI4\system\CodeIgniter.php on line 933 and exactly 1 expected
[Method: POST, Route: administrateur/ajouterUnAvis]
in APPPATH\Controllers\Administrateur.php on line 105.
 1 SYSTEMPATH\CodeIgniter.php(933): App\Controllers\Administrateur->ajouterUnAvis()
 2 SYSTEMPATH\CodeIgniter.php(509): CodeIgniter\CodeIgniter->runController(Object(App\Controllers\Administrateur))
 3 SYSTEMPATH\CodeIgniter.php(355): CodeIgniter\CodeIgniter->handleRequest(null, Object(Config\Cache), false)
 4 SYSTEMPATH\Boot.php(325): CodeIgniter\CodeIgniter->run()
 5 SYSTEMPATH\Boot.php(67): CodeIgniter\Boot::runCodeIgniter(Object(CodeIgniter\CodeIgniter))
 6 FCPATH\index.php(56): CodeIgniter\Boot::bootWeb(Object(Config\Paths))
 7 SYSTEMPATH\rewrite.php(44): require_once('C:\\xampp\\htdocs\\Projet_Training\\BlogPlanete_CI4\\public\\index.php')
INFO - 2024-10-06 13:28:19 --> Session: Class initialized using 'CodeIgniter\Session\Handlers\FileHandler' driver.
INFO - 2024-10-06 13:28:36 --> Session: Class initialized using 'CodeIgniter\Session\Handlers\FileHandler' driver.
INFO - 2024-10-06 13:29:56 --> Session: Class initialized using 'CodeIgniter\Session\Handlers\FileHandler' driver.
INFO - 2024-10-06 13:29:58 --> Session: Class initialized using 'CodeIgniter\Session\Handlers\FileHandler' driver.
INFO - 2024-10-06 13:30:00 --> Session: Class initialized using 'CodeIgniter\Session\Handlers\FileHandler' driver.
INFO - 2024-10-06 13:30:51 --> Session: Class initialized using 'CodeIgniter\Session\Handlers\FileHandler' driver.
INFO - 2024-10-06 13:30:53 --> Session: Class initialized using 'CodeIgniter\Session\Handlers\FileHandler' driver.
INFO - 2024-10-06 13:31:21 --> Session: Class initialized using 'CodeIgniter\Session\Handlers\FileHandler' driver.
CRITICAL - 2024-10-06 13:31:21 --> ErrorException: Trying to access array offset on value of type null
[Method: GET, Route: administrateur/ajouterUnAvis/4]
in APPPATH\Views\administrateur\ajouterUnAvis.php on line 5.
 1 APPPATH\Views\administrateur\ajouterUnAvis.php(5): CodeIgniter\Debug\Exceptions->errorHandler(2, 'Trying to access array offset on value of type null', 'C:\\xampp\\htdocs\\Projet_Training\\BlogPlanete_CI4\\app\\Views\\administrateur\\ajouterUnAvis.php', 5)
 2 SYSTEMPATH\View\View.php(234): include('C:\\xampp\\htdocs\\Projet_Training\\BlogPlanete_CI4\\app\\Views\\administrateur\\ajouterUnAvis.php')
 3 SYSTEMPATH\View\View.php(237): CodeIgniter\View\View->CodeIgniter\View\{closure}()
 4 SYSTEMPATH\Common.php(1171): CodeIgniter\View\View->render('administrateur/ajouterUnAvis', [], true)
 5 APPPATH\Controllers\Administrateur.php(139): view('administrateur/ajouterUnAvis', [...])
 6 SYSTEMPATH\CodeIgniter.php(933): App\Controllers\Administrateur->ajouterUnAvis('')
 7 SYSTEMPATH\CodeIgniter.php(509): CodeIgniter\CodeIgniter->runController(Object(App\Controllers\Administrateur))
 8 SYSTEMPATH\CodeIgniter.php(355): CodeIgniter\CodeIgniter->handleRequest(null, Object(Config\Cache), false)
 9 SYSTEMPATH\Boot.php(325): CodeIgniter\CodeIgniter->run()
10 SYSTEMPATH\Boot.php(67): CodeIgniter\Boot::runCodeIgniter(Object(CodeIgniter\CodeIgniter))
11 FCPATH\index.php(56): CodeIgniter\Boot::bootWeb(Object(Config\Paths))
12 SYSTEMPATH\rewrite.php(44): require_once('C:\\xampp\\htdocs\\Projet_Training\\BlogPlanete_CI4\\public\\index.php')
INFO - 2024-10-06 13:31:24 --> Session: Class initialized using 'CodeIgniter\Session\Handlers\FileHandler' driver.
INFO - 2024-10-06 13:31:26 --> Session: Class initialized using 'CodeIgniter\Session\Handlers\FileHandler' driver.
INFO - 2024-10-06 13:31:28 --> Session: Class initialized using 'CodeIgniter\Session\Handlers\FileHandler' driver.
CRITICAL - 2024-10-06 13:31:28 --> ErrorException: Trying to access array offset on value of type null
[Method: GET, Route: administrateur/ajouterUnAvis/4]
in APPPATH\Views\administrateur\ajouterUnAvis.php on line 5.
 1 APPPATH\Views\administrateur\ajouterUnAvis.php(5): CodeIgniter\Debug\Exceptions->errorHandler(2, 'Trying to access array offset on value of type null', 'C:\\xampp\\htdocs\\Projet_Training\\BlogPlanete_CI4\\app\\Views\\administrateur\\ajouterUnAvis.php', 5)
 2 SYSTEMPATH\View\View.php(234): include('C:\\xampp\\htdocs\\Projet_Training\\BlogPlanete_CI4\\app\\Views\\administrateur\\ajouterUnAvis.php')
 3 SYSTEMPATH\View\View.php(237): CodeIgniter\View\View->CodeIgniter\View\{closure}()
 4 SYSTEMPATH\Common.php(1171): CodeIgniter\View\View->render('administrateur/ajouterUnAvis', [], true)
 5 APPPATH\Controllers\Administrateur.php(139): view('administrateur/ajouterUnAvis', [...])
 6 SYSTEMPATH\CodeIgniter.php(933): App\Controllers\Administrateur->ajouterUnAvis('')
 7 SYSTEMPATH\CodeIgniter.php(509): CodeIgniter\CodeIgniter->runController(Object(App\Controllers\Administrateur))
 8 SYSTEMPATH\CodeIgniter.php(355): CodeIgniter\CodeIgniter->handleRequest(null, Object(Config\Cache), false)
 9 SYSTEMPATH\Boot.php(325): CodeIgniter\CodeIgniter->run()
10 SYSTEMPATH\Boot.php(67): CodeIgniter\Boot::runCodeIgniter(Object(CodeIgniter\CodeIgniter))
11 FCPATH\index.php(56): CodeIgniter\Boot::bootWeb(Object(Config\Paths))
12 SYSTEMPATH\rewrite.php(44): require_once('C:\\xampp\\htdocs\\Projet_Training\\BlogPlanete_CI4\\public\\index.php')
INFO - 2024-10-06 13:31:55 --> Session: Class initialized using 'CodeIgniter\Session\Handlers\FileHandler' driver.
INFO - 2024-10-06 13:31:56 --> Session: Class initialized using 'CodeIgniter\Session\Handlers\FileHandler' driver.
INFO - 2024-10-06 13:32:07 --> Session: Class initialized using 'CodeIgniter\Session\Handlers\FileHandler' driver.
INFO - 2024-10-06 13:32:25 --> Session: Class initialized using 'CodeIgniter\Session\Handlers\FileHandler' driver.
CRITICAL - 2024-10-06 13:32:35 --> ArgumentCountError: Too few arguments to function App\Controllers\Administrateur::ajouterUnAvis(), 0 passed in C:\xampp\htdocs\Projet_Training\BlogPlanete_CI4\system\CodeIgniter.php on line 933 and exactly 1 expected
[Method: POST, Route: administrateur/ajouterUnAvis]
in APPPATH\Controllers\Administrateur.php on line 105.
 1 SYSTEMPATH\CodeIgniter.php(933): App\Controllers\Administrateur->ajouterUnAvis()
 2 SYSTEMPATH\CodeIgniter.php(509): CodeIgniter\CodeIgniter->runController(Object(App\Controllers\Administrateur))
 3 SYSTEMPATH\CodeIgniter.php(355): CodeIgniter\CodeIgniter->handleRequest(null, Object(Config\Cache), false)
 4 SYSTEMPATH\Boot.php(325): CodeIgniter\CodeIgniter->run()
 5 SYSTEMPATH\Boot.php(67): CodeIgniter\Boot::runCodeIgniter(Object(CodeIgniter\CodeIgniter))
 6 FCPATH\index.php(56): CodeIgniter\Boot::bootWeb(Object(Config\Paths))
 7 SYSTEMPATH\rewrite.php(44): require_once('C:\\xampp\\htdocs\\Projet_Training\\BlogPlanete_CI4\\public\\index.php')
INFO - 2024-10-06 13:32:38 --> Session: Class initialized using 'CodeIgniter\Session\Handlers\FileHandler' driver.
INFO - 2024-10-06 13:34:08 --> Session: Class initialized using 'CodeIgniter\Session\Handlers\FileHandler' driver.
INFO - 2024-10-06 13:34:11 --> Session: Class initialized using 'CodeIgniter\Session\Handlers\FileHandler' driver.
INFO - 2024-10-06 13:34:17 --> Session: Class initialized using 'CodeIgniter\Session\Handlers\FileHandler' driver.
INFO - 2024-10-06 13:34:18 --> Session: Class initialized using 'CodeIgniter\Session\Handlers\FileHandler' driver.
INFO - 2024-10-06 13:34:28 --> Session: Class initialized using 'CodeIgniter\Session\Handlers\FileHandler' driver.
ERROR - 2024-10-06 13:34:28 --> mysqli_sql_exception: Column 'NOUTILISATEUR' cannot be null in C:\xampp\htdocs\Projet_Training\BlogPlanete_CI4\system\Database\MySQLi\Connection.php:312
Stack trace:
#0 C:\xampp\htdocs\Projet_Training\BlogPlanete_CI4\system\Database\MySQLi\Connection.php(312): mysqli->query('INSERT INTO `av...', 0)
#1 C:\xampp\htdocs\Projet_Training\BlogPlanete_CI4\system\Database\BaseConnection.php(734): CodeIgniter\Database\MySQLi\Connection->execute('INSERT INTO `av...')
#2 C:\xampp\htdocs\Projet_Training\BlogPlanete_CI4\system\Database\BaseConnection.php(648): CodeIgniter\Database\BaseConnection->simpleQuery('INSERT INTO `av...')
#3 C:\xampp\htdocs\Projet_Training\BlogPlanete_CI4\system\Database\BaseBuilder.php(2340): CodeIgniter\Database\BaseConnection->query('INSERT INTO `av...', Array, false)
#4 C:\xampp\htdocs\Projet_Training\BlogPlanete_CI4\system\Model.php(394): CodeIgniter\Database\BaseBuilder->insert()
#5 C:\xampp\htdocs\Projet_Training\BlogPlanete_CI4\system\BaseModel.php(840): CodeIgniter\Model->doInsert(Array)
#6 C:\xampp\htdocs\Projet_Training\BlogPlanete_CI4\system\Model.php(802): CodeIgniter\BaseModel->insert(Array, false)
#7 C:\xampp\htdocs\Projet_Training\BlogPlanete_CI4\system\BaseModel.php(751): CodeIgniter\Model->insert(Array, false)
#8 C:\xampp\htdocs\Projet_Training\BlogPlanete_CI4\app\Controllers\Administrateur.php(149): CodeIgniter\BaseModel->save(Array)
#9 C:\xampp\htdocs\Projet_Training\BlogPlanete_CI4\system\CodeIgniter.php(933): App\Controllers\Administrateur->ajouterUnAvis('4')
#10 C:\xampp\htdocs\Projet_Training\BlogPlanete_CI4\system\CodeIgniter.php(509): CodeIgniter\CodeIgniter->runController(Object(App\Controllers\Administrateur))
#11 C:\xampp\htdocs\Projet_Training\BlogPlanete_CI4\system\CodeIgniter.php(355): CodeIgniter\CodeIgniter->handleRequest(NULL, Object(Config\Cache), false)
#12 C:\xampp\htdocs\Projet_Training\BlogPlanete_CI4\system\Boot.php(325): CodeIgniter\CodeIgniter->run()
#13 C:\xampp\htdocs\Projet_Training\BlogPlanete_CI4\system\Boot.php(67): CodeIgniter\Boot::runCodeIgniter(Object(CodeIgniter\CodeIgniter))
#14 C:\xampp\htdocs\Projet_Training\BlogPlanete_CI4\public\index.php(56): CodeIgniter\Boot::bootWeb(Object(Config\Paths))
#15 C:\xampp\htdocs\Projet_Training\BlogPlanete_CI4\system\rewrite.php(44): require_once('C:\\xampp\\htdocs...')
#16 {main}
CRITICAL - 2024-10-06 13:34:28 --> CodeIgniter\Database\Exceptions\DatabaseException: Column 'NOUTILISATEUR' cannot be null
[Method: POST, Route: administrateur/ajouterUnAvis/4]
in SYSTEMPATH\Database\BaseConnection.php on line 688.
 1 SYSTEMPATH\Database\BaseBuilder.php(2340): CodeIgniter\Database\BaseConnection->query('INSERT INTO `avis` (`NOARTICLE`, `NOUTILISATEUR`, `TITRE`, `CONTENU`) VALUES (:NOARTICLE:, :NOUTILISATEUR:, :TITRE:, :CONTENU:)', [...], false)
 2 SYSTEMPATH\Model.php(394): CodeIgniter\Database\BaseBuilder->insert()
 3 SYSTEMPATH\BaseModel.php(840): CodeIgniter\Model->doInsert([...])
 4 SYSTEMPATH\Model.php(802): CodeIgniter\BaseModel->insert([...], false)
 5 SYSTEMPATH\BaseModel.php(751): CodeIgniter\Model->insert([...], false)
 6 APPPATH\Controllers\Administrateur.php(149): CodeIgniter\BaseModel->save([...])
 7 SYSTEMPATH\CodeIgniter.php(933): App\Controllers\Administrateur->ajouterUnAvis('4')
 8 SYSTEMPATH\CodeIgniter.php(509): CodeIgniter\CodeIgniter->runController(Object(App\Controllers\Administrateur))
 9 SYSTEMPATH\CodeIgniter.php(355): CodeIgniter\CodeIgniter->handleRequest(null, Object(Config\Cache), false)
10 SYSTEMPATH\Boot.php(325): CodeIgniter\CodeIgniter->run()
11 SYSTEMPATH\Boot.php(67): CodeIgniter\Boot::runCodeIgniter(Object(CodeIgniter\CodeIgniter))
12 FCPATH\index.php(56): CodeIgniter\Boot::bootWeb(Object(Config\Paths))
13 SYSTEMPATH\rewrite.php(44): require_once('C:\\xampp\\htdocs\\Projet_Training\\BlogPlanete_CI4\\public\\index.php')
CRITICAL - 2024-10-06 13:34:28 --> [Caused by] CodeIgniter\Database\Exceptions\DatabaseException: Column 'NOUTILISATEUR' cannot be null
in SYSTEMPATH\Database\MySQLi\Connection.php on line 317.
 1 SYSTEMPATH\Database\BaseConnection.php(734): CodeIgniter\Database\MySQLi\Connection->execute('INSERT INTO `avis` (`NOARTICLE`, `NOUTILISATEUR`, `TITRE`, `CONTENU`) VALUES (\'4\', NULL, \'rtr\', \'trt\')')
 2 SYSTEMPATH\Database\BaseConnection.php(648): CodeIgniter\Database\BaseConnection->simpleQuery('INSERT INTO `avis` (`NOARTICLE`, `NOUTILISATEUR`, `TITRE`, `CONTENU`) VALUES (\'4\', NULL, \'rtr\', \'trt\')')
 3 SYSTEMPATH\Database\BaseBuilder.php(2340): CodeIgniter\Database\BaseConnection->query('INSERT INTO `avis` (`NOARTICLE`, `NOUTILISATEUR`, `TITRE`, `CONTENU`) VALUES (:NOARTICLE:, :NOUTILISATEUR:, :TITRE:, :CONTENU:)', [...], false)
 4 SYSTEMPATH\Model.php(394): CodeIgniter\Database\BaseBuilder->insert()
 5 SYSTEMPATH\BaseModel.php(840): CodeIgniter\Model->doInsert([...])
 6 SYSTEMPATH\Model.php(802): CodeIgniter\BaseModel->insert([...], false)
 7 SYSTEMPATH\BaseModel.php(751): CodeIgniter\Model->insert([...], false)
 8 APPPATH\Controllers\Administrateur.php(149): CodeIgniter\BaseModel->save([...])
 9 SYSTEMPATH\CodeIgniter.php(933): App\Controllers\Administrateur->ajouterUnAvis('4')
10 SYSTEMPATH\CodeIgniter.php(509): CodeIgniter\CodeIgniter->runController(Object(App\Controllers\Administrateur))
11 SYSTEMPATH\CodeIgniter.php(355): CodeIgniter\CodeIgniter->handleRequest(null, Object(Config\Cache), false)
12 SYSTEMPATH\Boot.php(325): CodeIgniter\CodeIgniter->run()
13 SYSTEMPATH\Boot.php(67): CodeIgniter\Boot::runCodeIgniter(Object(CodeIgniter\CodeIgniter))
14 FCPATH\index.php(56): CodeIgniter\Boot::bootWeb(Object(Config\Paths))
15 SYSTEMPATH\rewrite.php(44): require_once('C:\\xampp\\htdocs\\Projet_Training\\BlogPlanete_CI4\\public\\index.php')
CRITICAL - 2024-10-06 13:34:28 --> [Caused by] mysqli_sql_exception: Column 'NOUTILISATEUR' cannot be null
in SYSTEMPATH\Database\MySQLi\Connection.php on line 312.
 1 SYSTEMPATH\Database\MySQLi\Connection.php(312): mysqli->query('INSERT INTO `avis` (`NOARTICLE`, `NOUTILISATEUR`, `TITRE`, `CONTENU`) VALUES (\'4\', NULL, \'rtr\', \'trt\')', 0)
 2 SYSTEMPATH\Database\BaseConnection.php(734): CodeIgniter\Database\MySQLi\Connection->execute('INSERT INTO `avis` (`NOARTICLE`, `NOUTILISATEUR`, `TITRE`, `CONTENU`) VALUES (\'4\', NULL, \'rtr\', \'trt\')')
 3 SYSTEMPATH\Database\BaseConnection.php(648): CodeIgniter\Database\BaseConnection->simpleQuery('INSERT INTO `avis` (`NOARTICLE`, `NOUTILISATEUR`, `TITRE`, `CONTENU`) VALUES (\'4\', NULL, \'rtr\', \'trt\')')
 4 SYSTEMPATH\Database\BaseBuilder.php(2340): CodeIgniter\Database\BaseConnection->query('INSERT INTO `avis` (`NOARTICLE`, `NOUTILISATEUR`, `TITRE`, `CONTENU`) VALUES (:NOARTICLE:, :NOUTILISATEUR:, :TITRE:, :CONTENU:)', [...], false)
 5 SYSTEMPATH\Model.php(394): CodeIgniter\Database\BaseBuilder->insert()
 6 SYSTEMPATH\BaseModel.php(840): CodeIgniter\Model->doInsert([...])
 7 SYSTEMPATH\Model.php(802): CodeIgniter\BaseModel->insert([...], false)
 8 SYSTEMPATH\BaseModel.php(751): CodeIgniter\Model->insert([...], false)
 9 APPPATH\Controllers\Administrateur.php(149): CodeIgniter\BaseModel->save([...])
10 SYSTEMPATH\CodeIgniter.php(933): App\Controllers\Administrateur->ajouterUnAvis('4')
11 SYSTEMPATH\CodeIgniter.php(509): CodeIgniter\CodeIgniter->runController(Object(App\Controllers\Administrateur))
12 SYSTEMPATH\CodeIgniter.php(355): CodeIgniter\CodeIgniter->handleRequest(null, Object(Config\Cache), false)
13 SYSTEMPATH\Boot.php(325): CodeIgniter\CodeIgniter->run()
14 SYSTEMPATH\Boot.php(67): CodeIgniter\Boot::runCodeIgniter(Object(CodeIgniter\CodeIgniter))
15 FCPATH\index.php(56): CodeIgniter\Boot::bootWeb(Object(Config\Paths))
16 SYSTEMPATH\rewrite.php(44): require_once('C:\\xampp\\htdocs\\Projet_Training\\BlogPlanete_CI4\\public\\index.php')
INFO - 2024-10-06 13:38:34 --> Session: Class initialized using 'CodeIgniter\Session\Handlers\FileHandler' driver.
INFO - 2024-10-06 13:38:43 --> Session: Class initialized using 'CodeIgniter\Session\Handlers\FileHandler' driver.
INFO - 2024-10-06 13:38:48 --> Session: Class initialized using 'CodeIgniter\Session\Handlers\FileHandler' driver.
ERROR - 2024-10-06 13:38:48 --> mysqli_sql_exception: Column 'NOUTILISATEUR' cannot be null in C:\xampp\htdocs\Projet_Training\BlogPlanete_CI4\system\Database\MySQLi\Connection.php:312
Stack trace:
#0 C:\xampp\htdocs\Projet_Training\BlogPlanete_CI4\system\Database\MySQLi\Connection.php(312): mysqli->query('INSERT INTO `av...', 0)
#1 C:\xampp\htdocs\Projet_Training\BlogPlanete_CI4\system\Database\BaseConnection.php(734): CodeIgniter\Database\MySQLi\Connection->execute('INSERT INTO `av...')
#2 C:\xampp\htdocs\Projet_Training\BlogPlanete_CI4\system\Database\BaseConnection.php(648): CodeIgniter\Database\BaseConnection->simpleQuery('INSERT INTO `av...')
#3 C:\xampp\htdocs\Projet_Training\BlogPlanete_CI4\system\Database\BaseBuilder.php(2340): CodeIgniter\Database\BaseConnection->query('INSERT INTO `av...', Array, false)
#4 C:\xampp\htdocs\Projet_Training\BlogPlanete_CI4\system\Model.php(394): CodeIgniter\Database\BaseBuilder->insert()
#5 C:\xampp\htdocs\Projet_Training\BlogPlanete_CI4\system\BaseModel.php(840): CodeIgniter\Model->doInsert(Array)
#6 C:\xampp\htdocs\Projet_Training\BlogPlanete_CI4\system\Model.php(802): CodeIgniter\BaseModel->insert(Array, false)
#7 C:\xampp\htdocs\Projet_Training\BlogPlanete_CI4\system\BaseModel.php(751): CodeIgniter\Model->insert(Array, false)
#8 C:\xampp\htdocs\Projet_Training\BlogPlanete_CI4\app\Controllers\Administrateur.php(149): CodeIgniter\BaseModel->save(Array)
#9 C:\xampp\htdocs\Projet_Training\BlogPlanete_CI4\system\CodeIgniter.php(933): App\Controllers\Administrateur->ajouterUnAvis('4')
#10 C:\xampp\htdocs\Projet_Training\BlogPlanete_CI4\system\CodeIgniter.php(509): CodeIgniter\CodeIgniter->runController(Object(App\Controllers\Administrateur))
#11 C:\xampp\htdocs\Projet_Training\BlogPlanete_CI4\system\CodeIgniter.php(355): CodeIgniter\CodeIgniter->handleRequest(NULL, Object(Config\Cache), false)
#12 C:\xampp\htdocs\Projet_Training\BlogPlanete_CI4\system\Boot.php(325): CodeIgniter\CodeIgniter->run()
#13 C:\xampp\htdocs\Projet_Training\BlogPlanete_CI4\system\Boot.php(67): CodeIgniter\Boot::runCodeIgniter(Object(CodeIgniter\CodeIgniter))
#14 C:\xampp\htdocs\Projet_Training\BlogPlanete_CI4\public\index.php(56): CodeIgniter\Boot::bootWeb(Object(Config\Paths))
#15 C:\xampp\htdocs\Projet_Training\BlogPlanete_CI4\system\rewrite.php(44): require_once('C:\\xampp\\htdocs...')
#16 {main}
CRITICAL - 2024-10-06 13:38:48 --> CodeIgniter\Database\Exceptions\DatabaseException: Column 'NOUTILISATEUR' cannot be null
[Method: POST, Route: administrateur/ajouterUnAvis/4]
in SYSTEMPATH\Database\BaseConnection.php on line 688.
 1 SYSTEMPATH\Database\BaseBuilder.php(2340): CodeIgniter\Database\BaseConnection->query('INSERT INTO `avis` (`NOARTICLE`, `NOUTILISATEUR`, `TITRE`, `CONTENU`) VALUES (:NOARTICLE:, :NOUTILISATEUR:, :TITRE:, :CONTENU:)', [...], false)
 2 SYSTEMPATH\Model.php(394): CodeIgniter\Database\BaseBuilder->insert()
 3 SYSTEMPATH\BaseModel.php(840): CodeIgniter\Model->doInsert([...])
 4 SYSTEMPATH\Model.php(802): CodeIgniter\BaseModel->insert([...], false)
 5 SYSTEMPATH\BaseModel.php(751): CodeIgniter\Model->insert([...], false)
 6 APPPATH\Controllers\Administrateur.php(149): CodeIgniter\BaseModel->save([...])
 7 SYSTEMPATH\CodeIgniter.php(933): App\Controllers\Administrateur->ajouterUnAvis('4')
 8 SYSTEMPATH\CodeIgniter.php(509): CodeIgniter\CodeIgniter->runController(Object(App\Controllers\Administrateur))
 9 SYSTEMPATH\CodeIgniter.php(355): CodeIgniter\CodeIgniter->handleRequest(null, Object(Config\Cache), false)
10 SYSTEMPATH\Boot.php(325): CodeIgniter\CodeIgniter->run()
11 SYSTEMPATH\Boot.php(67): CodeIgniter\Boot::runCodeIgniter(Object(CodeIgniter\CodeIgniter))
12 FCPATH\index.php(56): CodeIgniter\Boot::bootWeb(Object(Config\Paths))
13 SYSTEMPATH\rewrite.php(44): require_once('C:\\xampp\\htdocs\\Projet_Training\\BlogPlanete_CI4\\public\\index.php')
CRITICAL - 2024-10-06 13:38:48 --> [Caused by] CodeIgniter\Database\Exceptions\DatabaseException: Column 'NOUTILISATEUR' cannot be null
in SYSTEMPATH\Database\MySQLi\Connection.php on line 317.
 1 SYSTEMPATH\Database\BaseConnection.php(734): CodeIgniter\Database\MySQLi\Connection->execute('INSERT INTO `avis` (`NOARTICLE`, `NOUTILISATEUR`, `TITRE`, `CONTENU`) VALUES (\'4\', NULL, \'tt\', \'tt\')')
 2 SYSTEMPATH\Database\BaseConnection.php(648): CodeIgniter\Database\BaseConnection->simpleQuery('INSERT INTO `avis` (`NOARTICLE`, `NOUTILISATEUR`, `TITRE`, `CONTENU`) VALUES (\'4\', NULL, \'tt\', \'tt\')')
 3 SYSTEMPATH\Database\BaseBuilder.php(2340): CodeIgniter\Database\BaseConnection->query('INSERT INTO `avis` (`NOARTICLE`, `NOUTILISATEUR`, `TITRE`, `CONTENU`) VALUES (:NOARTICLE:, :NOUTILISATEUR:, :TITRE:, :CONTENU:)', [...], false)
 4 SYSTEMPATH\Model.php(394): CodeIgniter\Database\BaseBuilder->insert()
 5 SYSTEMPATH\BaseModel.php(840): CodeIgniter\Model->doInsert([...])
 6 SYSTEMPATH\Model.php(802): CodeIgniter\BaseModel->insert([...], false)
 7 SYSTEMPATH\BaseModel.php(751): CodeIgniter\Model->insert([...], false)
 8 APPPATH\Controllers\Administrateur.php(149): CodeIgniter\BaseModel->save([...])
 9 SYSTEMPATH\CodeIgniter.php(933): App\Controllers\Administrateur->ajouterUnAvis('4')
10 SYSTEMPATH\CodeIgniter.php(509): CodeIgniter\CodeIgniter->runController(Object(App\Controllers\Administrateur))
11 SYSTEMPATH\CodeIgniter.php(355): CodeIgniter\CodeIgniter->handleRequest(null, Object(Config\Cache), false)
12 SYSTEMPATH\Boot.php(325): CodeIgniter\CodeIgniter->run()
13 SYSTEMPATH\Boot.php(67): CodeIgniter\Boot::runCodeIgniter(Object(CodeIgniter\CodeIgniter))
14 FCPATH\index.php(56): CodeIgniter\Boot::bootWeb(Object(Config\Paths))
15 SYSTEMPATH\rewrite.php(44): require_once('C:\\xampp\\htdocs\\Projet_Training\\BlogPlanete_CI4\\public\\index.php')
CRITICAL - 2024-10-06 13:38:48 --> [Caused by] mysqli_sql_exception: Column 'NOUTILISATEUR' cannot be null
in SYSTEMPATH\Database\MySQLi\Connection.php on line 312.
 1 SYSTEMPATH\Database\MySQLi\Connection.php(312): mysqli->query('INSERT INTO `avis` (`NOARTICLE`, `NOUTILISATEUR`, `TITRE`, `CONTENU`) VALUES (\'4\', NULL, \'tt\', \'tt\')', 0)
 2 SYSTEMPATH\Database\BaseConnection.php(734): CodeIgniter\Database\MySQLi\Connection->execute('INSERT INTO `avis` (`NOARTICLE`, `NOUTILISATEUR`, `TITRE`, `CONTENU`) VALUES (\'4\', NULL, \'tt\', \'tt\')')
 3 SYSTEMPATH\Database\BaseConnection.php(648): CodeIgniter\Database\BaseConnection->simpleQuery('INSERT INTO `avis` (`NOARTICLE`, `NOUTILISATEUR`, `TITRE`, `CONTENU`) VALUES (\'4\', NULL, \'tt\', \'tt\')')
 4 SYSTEMPATH\Database\BaseBuilder.php(2340): CodeIgniter\Database\BaseConnection->query('INSERT INTO `avis` (`NOARTICLE`, `NOUTILISATEUR`, `TITRE`, `CONTENU`) VALUES (:NOARTICLE:, :NOUTILISATEUR:, :TITRE:, :CONTENU:)', [...], false)
 5 SYSTEMPATH\Model.php(394): CodeIgniter\Database\BaseBuilder->insert()
 6 SYSTEMPATH\BaseModel.php(840): CodeIgniter\Model->doInsert([...])
 7 SYSTEMPATH\Model.php(802): CodeIgniter\BaseModel->insert([...], false)
 8 SYSTEMPATH\BaseModel.php(751): CodeIgniter\Model->insert([...], false)
 9 APPPATH\Controllers\Administrateur.php(149): CodeIgniter\BaseModel->save([...])
10 SYSTEMPATH\CodeIgniter.php(933): App\Controllers\Administrateur->ajouterUnAvis('4')
11 SYSTEMPATH\CodeIgniter.php(509): CodeIgniter\CodeIgniter->runController(Object(App\Controllers\Administrateur))
12 SYSTEMPATH\CodeIgniter.php(355): CodeIgniter\CodeIgniter->handleRequest(null, Object(Config\Cache), false)
13 SYSTEMPATH\Boot.php(325): CodeIgniter\CodeIgniter->run()
14 SYSTEMPATH\Boot.php(67): CodeIgniter\Boot::runCodeIgniter(Object(CodeIgniter\CodeIgniter))
15 FCPATH\index.php(56): CodeIgniter\Boot::bootWeb(Object(Config\Paths))
16 SYSTEMPATH\rewrite.php(44): require_once('C:\\xampp\\htdocs\\Projet_Training\\BlogPlanete_CI4\\public\\index.php')
INFO - 2024-10-06 13:45:10 --> Session: Class initialized using 'CodeIgniter\Session\Handlers\FileHandler' driver.
INFO - 2024-10-06 13:45:11 --> Session: Class initialized using 'CodeIgniter\Session\Handlers\FileHandler' driver.
INFO - 2024-10-06 13:45:20 --> Session: Class initialized using 'CodeIgniter\Session\Handlers\FileHandler' driver.
ERROR - 2024-10-06 13:45:20 --> mysqli_sql_exception: Column 'NOUTILISATEUR' cannot be null in C:\xampp\htdocs\Projet_Training\BlogPlanete_CI4\system\Database\MySQLi\Connection.php:312
Stack trace:
#0 C:\xampp\htdocs\Projet_Training\BlogPlanete_CI4\system\Database\MySQLi\Connection.php(312): mysqli->query('INSERT INTO `av...', 0)
#1 C:\xampp\htdocs\Projet_Training\BlogPlanete_CI4\system\Database\BaseConnection.php(734): CodeIgniter\Database\MySQLi\Connection->execute('INSERT INTO `av...')
#2 C:\xampp\htdocs\Projet_Training\BlogPlanete_CI4\system\Database\BaseConnection.php(648): CodeIgniter\Database\BaseConnection->simpleQuery('INSERT INTO `av...')
#3 C:\xampp\htdocs\Projet_Training\BlogPlanete_CI4\system\Database\BaseBuilder.php(2340): CodeIgniter\Database\BaseConnection->query('INSERT INTO `av...', Array, false)
#4 C:\xampp\htdocs\Projet_Training\BlogPlanete_CI4\system\Model.php(394): CodeIgniter\Database\BaseBuilder->insert()
#5 C:\xampp\htdocs\Projet_Training\BlogPlanete_CI4\system\BaseModel.php(840): CodeIgniter\Model->doInsert(Array)
#6 C:\xampp\htdocs\Projet_Training\BlogPlanete_CI4\system\Model.php(802): CodeIgniter\BaseModel->insert(Array, false)
#7 C:\xampp\htdocs\Projet_Training\BlogPlanete_CI4\system\BaseModel.php(751): CodeIgniter\Model->insert(Array, false)
#8 C:\xampp\htdocs\Projet_Training\BlogPlanete_CI4\app\Controllers\Administrateur.php(149): CodeIgniter\BaseModel->save(Array)
#9 C:\xampp\htdocs\Projet_Training\BlogPlanete_CI4\system\CodeIgniter.php(933): App\Controllers\Administrateur->ajouterUnAvis('4')
#10 C:\xampp\htdocs\Projet_Training\BlogPlanete_CI4\system\CodeIgniter.php(509): CodeIgniter\CodeIgniter->runController(Object(App\Controllers\Administrateur))
#11 C:\xampp\htdocs\Projet_Training\BlogPlanete_CI4\system\CodeIgniter.php(355): CodeIgniter\CodeIgniter->handleRequest(NULL, Object(Config\Cache), false)
#12 C:\xampp\htdocs\Projet_Training\BlogPlanete_CI4\system\Boot.php(325): CodeIgniter\CodeIgniter->run()
#13 C:\xampp\htdocs\Projet_Training\BlogPlanete_CI4\system\Boot.php(67): CodeIgniter\Boot::runCodeIgniter(Object(CodeIgniter\CodeIgniter))
#14 C:\xampp\htdocs\Projet_Training\BlogPlanete_CI4\public\index.php(56): CodeIgniter\Boot::bootWeb(Object(Config\Paths))
#15 C:\xampp\htdocs\Projet_Training\BlogPlanete_CI4\system\rewrite.php(44): require_once('C:\\xampp\\htdocs...')
#16 {main}
CRITICAL - 2024-10-06 13:45:20 --> CodeIgniter\Database\Exceptions\DatabaseException: Column 'NOUTILISATEUR' cannot be null
[Method: POST, Route: administrateur/ajouterUnAvis/4]
in SYSTEMPATH\Database\BaseConnection.php on line 688.
 1 SYSTEMPATH\Database\BaseBuilder.php(2340): CodeIgniter\Database\BaseConnection->query('INSERT INTO `avis` (`NOARTICLE`, `NOUTILISATEUR`, `TITRE`, `CONTENU`) VALUES (:NOARTICLE:, :NOUTILISATEUR:, :TITRE:, :CONTENU:)', [...], false)
 2 SYSTEMPATH\Model.php(394): CodeIgniter\Database\BaseBuilder->insert()
 3 SYSTEMPATH\BaseModel.php(840): CodeIgniter\Model->doInsert([...])
 4 SYSTEMPATH\Model.php(802): CodeIgniter\BaseModel->insert([...], false)
 5 SYSTEMPATH\BaseModel.php(751): CodeIgniter\Model->insert([...], false)
 6 APPPATH\Controllers\Administrateur.php(149): CodeIgniter\BaseModel->save([...])
 7 SYSTEMPATH\CodeIgniter.php(933): App\Controllers\Administrateur->ajouterUnAvis('4')
 8 SYSTEMPATH\CodeIgniter.php(509): CodeIgniter\CodeIgniter->runController(Object(App\Controllers\Administrateur))
 9 SYSTEMPATH\CodeIgniter.php(355): CodeIgniter\CodeIgniter->handleRequest(null, Object(Config\Cache), false)
10 SYSTEMPATH\Boot.php(325): CodeIgniter\CodeIgniter->run()
11 SYSTEMPATH\Boot.php(67): CodeIgniter\Boot::runCodeIgniter(Object(CodeIgniter\CodeIgniter))
12 FCPATH\index.php(56): CodeIgniter\Boot::bootWeb(Object(Config\Paths))
13 SYSTEMPATH\rewrite.php(44): require_once('C:\\xampp\\htdocs\\Projet_Training\\BlogPlanete_CI4\\public\\index.php')
CRITICAL - 2024-10-06 13:45:20 --> [Caused by] CodeIgniter\Database\Exceptions\DatabaseException: Column 'NOUTILISATEUR' cannot be null
in SYSTEMPATH\Database\MySQLi\Connection.php on line 317.
 1 SYSTEMPATH\Database\BaseConnection.php(734): CodeIgniter\Database\MySQLi\Connection->execute('INSERT INTO `avis` (`NOARTICLE`, `NOUTILISATEUR`, `TITRE`, `CONTENU`) VALUES (\'4\', NULL, \'tt\', \'tt\')')
 2 SYSTEMPATH\Database\BaseConnection.php(648): CodeIgniter\Database\BaseConnection->simpleQuery('INSERT INTO `avis` (`NOARTICLE`, `NOUTILISATEUR`, `TITRE`, `CONTENU`) VALUES (\'4\', NULL, \'tt\', \'tt\')')
 3 SYSTEMPATH\Database\BaseBuilder.php(2340): CodeIgniter\Database\BaseConnection->query('INSERT INTO `avis` (`NOARTICLE`, `NOUTILISATEUR`, `TITRE`, `CONTENU`) VALUES (:NOARTICLE:, :NOUTILISATEUR:, :TITRE:, :CONTENU:)', [...], false)
 4 SYSTEMPATH\Model.php(394): CodeIgniter\Database\BaseBuilder->insert()
 5 SYSTEMPATH\BaseModel.php(840): CodeIgniter\Model->doInsert([...])
 6 SYSTEMPATH\Model.php(802): CodeIgniter\BaseModel->insert([...], false)
 7 SYSTEMPATH\BaseModel.php(751): CodeIgniter\Model->insert([...], false)
 8 APPPATH\Controllers\Administrateur.php(149): CodeIgniter\BaseModel->save([...])
 9 SYSTEMPATH\CodeIgniter.php(933): App\Controllers\Administrateur->ajouterUnAvis('4')
10 SYSTEMPATH\CodeIgniter.php(509): CodeIgniter\CodeIgniter->runController(Object(App\Controllers\Administrateur))
11 SYSTEMPATH\CodeIgniter.php(355): CodeIgniter\CodeIgniter->handleRequest(null, Object(Config\Cache), false)
12 SYSTEMPATH\Boot.php(325): CodeIgniter\CodeIgniter->run()
13 SYSTEMPATH\Boot.php(67): CodeIgniter\Boot::runCodeIgniter(Object(CodeIgniter\CodeIgniter))
14 FCPATH\index.php(56): CodeIgniter\Boot::bootWeb(Object(Config\Paths))
15 SYSTEMPATH\rewrite.php(44): require_once('C:\\xampp\\htdocs\\Projet_Training\\BlogPlanete_CI4\\public\\index.php')
CRITICAL - 2024-10-06 13:45:20 --> [Caused by] mysqli_sql_exception: Column 'NOUTILISATEUR' cannot be null
in SYSTEMPATH\Database\MySQLi\Connection.php on line 312.
 1 SYSTEMPATH\Database\MySQLi\Connection.php(312): mysqli->query('INSERT INTO `avis` (`NOARTICLE`, `NOUTILISATEUR`, `TITRE`, `CONTENU`) VALUES (\'4\', NULL, \'tt\', \'tt\')', 0)
 2 SYSTEMPATH\Database\BaseConnection.php(734): CodeIgniter\Database\MySQLi\Connection->execute('INSERT INTO `avis` (`NOARTICLE`, `NOUTILISATEUR`, `TITRE`, `CONTENU`) VALUES (\'4\', NULL, \'tt\', \'tt\')')
 3 SYSTEMPATH\Database\BaseConnection.php(648): CodeIgniter\Database\BaseConnection->simpleQuery('INSERT INTO `avis` (`NOARTICLE`, `NOUTILISATEUR`, `TITRE`, `CONTENU`) VALUES (\'4\', NULL, \'tt\', \'tt\')')
 4 SYSTEMPATH\Database\BaseBuilder.php(2340): CodeIgniter\Database\BaseConnection->query('INSERT INTO `avis` (`NOARTICLE`, `NOUTILISATEUR`, `TITRE`, `CONTENU`) VALUES (:NOARTICLE:, :NOUTILISATEUR:, :TITRE:, :CONTENU:)', [...], false)
 5 SYSTEMPATH\Model.php(394): CodeIgniter\Database\BaseBuilder->insert()
 6 SYSTEMPATH\BaseModel.php(840): CodeIgniter\Model->doInsert([...])
 7 SYSTEMPATH\Model.php(802): CodeIgniter\BaseModel->insert([...], false)
 8 SYSTEMPATH\BaseModel.php(751): CodeIgniter\Model->insert([...], false)
 9 APPPATH\Controllers\Administrateur.php(149): CodeIgniter\BaseModel->save([...])
10 SYSTEMPATH\CodeIgniter.php(933): App\Controllers\Administrateur->ajouterUnAvis('4')
11 SYSTEMPATH\CodeIgniter.php(509): CodeIgniter\CodeIgniter->runController(Object(App\Controllers\Administrateur))
12 SYSTEMPATH\CodeIgniter.php(355): CodeIgniter\CodeIgniter->handleRequest(null, Object(Config\Cache), false)
13 SYSTEMPATH\Boot.php(325): CodeIgniter\CodeIgniter->run()
14 SYSTEMPATH\Boot.php(67): CodeIgniter\Boot::runCodeIgniter(Object(CodeIgniter\CodeIgniter))
15 FCPATH\index.php(56): CodeIgniter\Boot::bootWeb(Object(Config\Paths))
16 SYSTEMPATH\rewrite.php(44): require_once('C:\\xampp\\htdocs\\Projet_Training\\BlogPlanete_CI4\\public\\index.php')
INFO - 2024-10-06 13:45:22 --> Session: Class initialized using 'CodeIgniter\Session\Handlers\FileHandler' driver.
INFO - 2024-10-06 13:45:33 --> Session: Class initialized using 'CodeIgniter\Session\Handlers\FileHandler' driver.
INFO - 2024-10-06 14:13:35 --> Session: Class initialized using 'CodeIgniter\Session\Handlers\FileHandler' driver.
INFO - 2024-10-06 14:13:35 --> Session: Class initialized using 'CodeIgniter\Session\Handlers\FileHandler' driver.
INFO - 2024-10-06 14:13:45 --> Session: Class initialized using 'CodeIgniter\Session\Handlers\FileHandler' driver.
INFO - 2024-10-06 14:13:47 --> Session: Class initialized using 'CodeIgniter\Session\Handlers\FileHandler' driver.
INFO - 2024-10-06 14:14:03 --> Session: Class initialized using 'CodeIgniter\Session\Handlers\FileHandler' driver.
INFO - 2024-10-06 14:14:05 --> Session: Class initialized using 'CodeIgniter\Session\Handlers\FileHandler' driver.
INFO - 2024-10-06 14:15:12 --> Session: Class initialized using 'CodeIgniter\Session\Handlers\FileHandler' driver.
INFO - 2024-10-06 14:15:12 --> Session: Class initialized using 'CodeIgniter\Session\Handlers\FileHandler' driver.
INFO - 2024-10-06 14:15:41 --> Session: Class initialized using 'CodeIgniter\Session\Handlers\FileHandler' driver.
INFO - 2024-10-06 14:15:43 --> Session: Class initialized using 'CodeIgniter\Session\Handlers\FileHandler' driver.
INFO - 2024-10-06 14:15:44 --> Session: Class initialized using 'CodeIgniter\Session\Handlers\FileHandler' driver.
INFO - 2024-10-06 14:15:45 --> Session: Class initialized using 'CodeIgniter\Session\Handlers\FileHandler' driver.
INFO - 2024-10-06 14:16:45 --> Session: Class initialized using 'CodeIgniter\Session\Handlers\FileHandler' driver.
INFO - 2024-10-06 15:01:19 --> Session: Class initialized using 'CodeIgniter\Session\Handlers\FileHandler' driver.
INFO - 2024-10-06 15:05:53 --> Session: Class initialized using 'CodeIgniter\Session\Handlers\FileHandler' driver.
INFO - 2024-10-06 15:06:16 --> Session: Class initialized using 'CodeIgniter\Session\Handlers\FileHandler' driver.
INFO - 2024-10-06 15:12:49 --> Session: Class initialized using 'CodeIgniter\Session\Handlers\FileHandler' driver.
INFO - 2024-10-06 15:12:52 --> Session: Class initialized using 'CodeIgniter\Session\Handlers\FileHandler' driver.
INFO - 2024-10-06 15:12:53 --> Session: Class initialized using 'CodeIgniter\Session\Handlers\FileHandler' driver.
INFO - 2024-10-06 15:13:01 --> Session: Class initialized using 'CodeIgniter\Session\Handlers\FileHandler' driver.
INFO - 2024-10-06 15:13:02 --> Session: Class initialized using 'CodeIgniter\Session\Handlers\FileHandler' driver.
INFO - 2024-10-06 15:13:03 --> Session: Class initialized using 'CodeIgniter\Session\Handlers\FileHandler' driver.
INFO - 2024-10-06 15:13:05 --> Session: Class initialized using 'CodeIgniter\Session\Handlers\FileHandler' driver.
INFO - 2024-10-06 15:13:08 --> Session: Class initialized using 'CodeIgniter\Session\Handlers\FileHandler' driver.
INFO - 2024-10-06 15:13:09 --> Session: Class initialized using 'CodeIgniter\Session\Handlers\FileHandler' driver.
INFO - 2024-10-06 15:14:58 --> Session: Class initialized using 'CodeIgniter\Session\Handlers\FileHandler' driver.
INFO - 2024-10-06 15:15:16 --> Session: Class initialized using 'CodeIgniter\Session\Handlers\FileHandler' driver.
INFO - 2024-10-06 15:20:29 --> Session: Class initialized using 'CodeIgniter\Session\Handlers\FileHandler' driver.
INFO - 2024-10-06 15:22:09 --> Session: Class initialized using 'CodeIgniter\Session\Handlers\FileHandler' driver.
INFO - 2024-10-06 15:22:33 --> Session: Class initialized using 'CodeIgniter\Session\Handlers\FileHandler' driver.
INFO - 2024-10-06 15:23:08 --> Session: Class initialized using 'CodeIgniter\Session\Handlers\FileHandler' driver.
INFO - 2024-10-06 15:24:11 --> Session: Class initialized using 'CodeIgniter\Session\Handlers\FileHandler' driver.
INFO - 2024-10-06 15:25:41 --> Session: Class initialized using 'CodeIgniter\Session\Handlers\FileHandler' driver.
INFO - 2024-10-06 16:16:11 --> Session: Class initialized using 'CodeIgniter\Session\Handlers\FileHandler' driver.
INFO - 2024-10-06 16:16:13 --> Session: Class initialized using 'CodeIgniter\Session\Handlers\FileHandler' driver.
INFO - 2024-10-06 16:16:20 --> Session: Class initialized using 'CodeIgniter\Session\Handlers\FileHandler' driver.
INFO - 2024-10-06 16:16:21 --> Session: Class initialized using 'CodeIgniter\Session\Handlers\FileHandler' driver.
INFO - 2024-10-06 16:16:25 --> Session: Class initialized using 'CodeIgniter\Session\Handlers\FileHandler' driver.
INFO - 2024-10-06 16:23:14 --> Session: Class initialized using 'CodeIgniter\Session\Handlers\FileHandler' driver.
INFO - 2024-10-06 16:23:14 --> Session: Class initialized using 'CodeIgniter\Session\Handlers\FileHandler' driver.
INFO - 2024-10-06 16:23:27 --> Session: Class initialized using 'CodeIgniter\Session\Handlers\FileHandler' driver.
INFO - 2024-10-06 16:23:30 --> Session: Class initialized using 'CodeIgniter\Session\Handlers\FileHandler' driver.
INFO - 2024-10-06 16:24:27 --> Session: Class initialized using 'CodeIgniter\Session\Handlers\FileHandler' driver.
INFO - 2024-10-06 16:25:27 --> Session: Class initialized using 'CodeIgniter\Session\Handlers\FileHandler' driver.
INFO - 2024-10-06 16:25:46 --> Session: Class initialized using 'CodeIgniter\Session\Handlers\FileHandler' driver.
INFO - 2024-10-06 16:26:19 --> Session: Class initialized using 'CodeIgniter\Session\Handlers\FileHandler' driver.
INFO - 2024-10-06 16:27:28 --> Session: Class initialized using 'CodeIgniter\Session\Handlers\FileHandler' driver.
INFO - 2024-10-06 16:27:53 --> Session: Class initialized using 'CodeIgniter\Session\Handlers\FileHandler' driver.
INFO - 2024-10-06 16:28:19 --> Session: Class initialized using 'CodeIgniter\Session\Handlers\FileHandler' driver.
INFO - 2024-10-06 16:28:27 --> Session: Class initialized using 'CodeIgniter\Session\Handlers\FileHandler' driver.
INFO - 2024-10-06 16:29:11 --> Session: Class initialized using 'CodeIgniter\Session\Handlers\FileHandler' driver.
INFO - 2024-10-06 16:29:47 --> Session: Class initialized using 'CodeIgniter\Session\Handlers\FileHandler' driver.
INFO - 2024-10-06 16:29:59 --> Session: Class initialized using 'CodeIgniter\Session\Handlers\FileHandler' driver.
INFO - 2024-10-06 16:30:34 --> Session: Class initialized using 'CodeIgniter\Session\Handlers\FileHandler' driver.
INFO - 2024-10-06 16:30:48 --> Session: Class initialized using 'CodeIgniter\Session\Handlers\FileHandler' driver.
INFO - 2024-10-06 16:31:32 --> Session: Class initialized using 'CodeIgniter\Session\Handlers\FileHandler' driver.
INFO - 2024-10-06 16:31:37 --> Session: Class initialized using 'CodeIgniter\Session\Handlers\FileHandler' driver.
INFO - 2024-10-06 16:31:47 --> Session: Class initialized using 'CodeIgniter\Session\Handlers\FileHandler' driver.
INFO - 2024-10-06 16:33:25 --> Session: Class initialized using 'CodeIgniter\Session\Handlers\FileHandler' driver.
INFO - 2024-10-06 16:33:48 --> Session: Class initialized using 'CodeIgniter\Session\Handlers\FileHandler' driver.
INFO - 2024-10-06 16:36:06 --> Session: Class initialized using 'CodeIgniter\Session\Handlers\FileHandler' driver.
INFO - 2024-10-06 16:36:11 --> Session: Class initialized using 'CodeIgniter\Session\Handlers\FileHandler' driver.
INFO - 2024-10-06 16:36:57 --> Session: Class initialized using 'CodeIgniter\Session\Handlers\FileHandler' driver.
INFO - 2024-10-06 17:00:04 --> Session: Class initialized using 'CodeIgniter\Session\Handlers\FileHandler' driver.
INFO - 2024-10-06 17:00:07 --> Session: Class initialized using 'CodeIgniter\Session\Handlers\FileHandler' driver.
INFO - 2024-10-06 17:00:37 --> Session: Class initialized using 'CodeIgniter\Session\Handlers\FileHandler' driver.
INFO - 2024-10-06 17:02:07 --> Session: Class initialized using 'CodeIgniter\Session\Handlers\FileHandler' driver.
INFO - 2024-10-06 17:02:09 --> Session: Class initialized using 'CodeIgniter\Session\Handlers\FileHandler' driver.
INFO - 2024-10-06 17:02:11 --> Session: Class initialized using 'CodeIgniter\Session\Handlers\FileHandler' driver.
INFO - 2024-10-06 17:02:12 --> Session: Class initialized using 'CodeIgniter\Session\Handlers\FileHandler' driver.
INFO - 2024-10-06 17:02:13 --> Session: Class initialized using 'CodeIgniter\Session\Handlers\FileHandler' driver.
INFO - 2024-10-06 17:04:36 --> Session: Class initialized using 'CodeIgniter\Session\Handlers\FileHandler' driver.
INFO - 2024-10-06 17:04:37 --> Session: Class initialized using 'CodeIgniter\Session\Handlers\FileHandler' driver.
INFO - 2024-10-06 17:04:39 --> Session: Class initialized using 'CodeIgniter\Session\Handlers\FileHandler' driver.
INFO - 2024-10-06 17:04:40 --> Session: Class initialized using 'CodeIgniter\Session\Handlers\FileHandler' driver.
INFO - 2024-10-06 17:05:35 --> Session: Class initialized using 'CodeIgniter\Session\Handlers\FileHandler' driver.
INFO - 2024-10-06 17:06:24 --> Session: Class initialized using 'CodeIgniter\Session\Handlers\FileHandler' driver.
INFO - 2024-10-06 17:07:36 --> Session: Class initialized using 'CodeIgniter\Session\Handlers\FileHandler' driver.
INFO - 2024-10-06 17:07:59 --> Session: Class initialized using 'CodeIgniter\Session\Handlers\FileHandler' driver.
INFO - 2024-10-06 17:08:18 --> Session: Class initialized using 'CodeIgniter\Session\Handlers\FileHandler' driver.
INFO - 2024-10-06 17:08:32 --> Session: Class initialized using 'CodeIgniter\Session\Handlers\FileHandler' driver.
INFO - 2024-10-06 17:09:47 --> Session: Class initialized using 'CodeIgniter\Session\Handlers\FileHandler' driver.
INFO - 2024-10-06 17:10:05 --> Session: Class initialized using 'CodeIgniter\Session\Handlers\FileHandler' driver.
INFO - 2024-10-06 17:18:07 --> Session: Class initialized using 'CodeIgniter\Session\Handlers\FileHandler' driver.
CRITICAL - 2024-10-06 17:18:07 --> CodeIgniter\Pager\Exceptions\PagerException: "bootstrap_pagination" is not a valid Pager template.
[Method: GET, Route: visiteur/listerLesArticlesAvecPagination]
in SYSTEMPATH\Pager\Pager.php on line 124.
 1 SYSTEMPATH\Pager\Pager.php(124): CodeIgniter\Pager\Exceptions\PagerException::forInvalidTemplate('bootstrap_pagination')
 2 SYSTEMPATH\Pager\Pager.php(87): CodeIgniter\Pager\Pager->displayLinks('default', 'bootstrap_pagination')
 3 APPPATH\Views\visiteur\listerLesArticlesAvecPagination.php(20): CodeIgniter\Pager\Pager->links('default', 'bootstrap_pagination')
 4 SYSTEMPATH\View\View.php(234): include('C:\\xampp\\htdocs\\Projet_Training\\BlogPlanete_CI4\\app\\Views\\visiteur\\listerLesArticlesAvecPagination.php')
 5 SYSTEMPATH\View\View.php(237): CodeIgniter\View\View->CodeIgniter\View\{closure}()
 6 SYSTEMPATH\Common.php(1171): CodeIgniter\View\View->render('visiteur/listerLesArticlesAvecPagination', [], true)
 7 APPPATH\Controllers\Visiteur.php(30): view('visiteur/listerLesArticlesAvecPagination', [...])
 8 SYSTEMPATH\CodeIgniter.php(933): App\Controllers\Visiteur->listerLesArticlesAvecPagination()
 9 SYSTEMPATH\CodeIgniter.php(509): CodeIgniter\CodeIgniter->runController(Object(App\Controllers\Visiteur))
10 SYSTEMPATH\CodeIgniter.php(355): CodeIgniter\CodeIgniter->handleRequest(null, Object(Config\Cache), false)
11 SYSTEMPATH\Boot.php(325): CodeIgniter\CodeIgniter->run()
12 SYSTEMPATH\Boot.php(67): CodeIgniter\Boot::runCodeIgniter(Object(CodeIgniter\CodeIgniter))
13 FCPATH\index.php(56): CodeIgniter\Boot::bootWeb(Object(Config\Paths))
14 SYSTEMPATH\rewrite.php(44): require_once('C:\\xampp\\htdocs\\Projet_Training\\BlogPlanete_CI4\\public\\index.php')
INFO - 2024-10-06 17:19:28 --> Session: Class initialized using 'CodeIgniter\Session\Handlers\FileHandler' driver.
CRITICAL - 2024-10-06 17:19:28 --> CodeIgniter\Pager\Exceptions\PagerException: "/pager/bootstrap_pagination" is not a valid Pager template.
[Method: GET, Route: visiteur/listerLesArticlesAvecPagination]
in SYSTEMPATH\Pager\Pager.php on line 124.
 1 SYSTEMPATH\Pager\Pager.php(124): CodeIgniter\Pager\Exceptions\PagerException::forInvalidTemplate('/pager/bootstrap_pagination')
 2 SYSTEMPATH\Pager\Pager.php(87): CodeIgniter\Pager\Pager->displayLinks('default', '/pager/bootstrap_pagination')
 3 APPPATH\Views\visiteur\listerLesArticlesAvecPagination.php(20): CodeIgniter\Pager\Pager->links('default', '/pager/bootstrap_pagination')
 4 SYSTEMPATH\View\View.php(234): include('C:\\xampp\\htdocs\\Projet_Training\\BlogPlanete_CI4\\app\\Views\\visiteur\\listerLesArticlesAvecPagination.php')
 5 SYSTEMPATH\View\View.php(237): CodeIgniter\View\View->CodeIgniter\View\{closure}()
 6 SYSTEMPATH\Common.php(1171): CodeIgniter\View\View->render('visiteur/listerLesArticlesAvecPagination', [], true)
 7 APPPATH\Controllers\Visiteur.php(30): view('visiteur/listerLesArticlesAvecPagination', [...])
 8 SYSTEMPATH\CodeIgniter.php(933): App\Controllers\Visiteur->listerLesArticlesAvecPagination()
 9 SYSTEMPATH\CodeIgniter.php(509): CodeIgniter\CodeIgniter->runController(Object(App\Controllers\Visiteur))
10 SYSTEMPATH\CodeIgniter.php(355): CodeIgniter\CodeIgniter->handleRequest(null, Object(Config\Cache), false)
11 SYSTEMPATH\Boot.php(325): CodeIgniter\CodeIgniter->run()
12 SYSTEMPATH\Boot.php(67): CodeIgniter\Boot::runCodeIgniter(Object(CodeIgniter\CodeIgniter))
13 FCPATH\index.php(56): CodeIgniter\Boot::bootWeb(Object(Config\Paths))
14 SYSTEMPATH\rewrite.php(44): require_once('C:\\xampp\\htdocs\\Projet_Training\\BlogPlanete_CI4\\public\\index.php')
INFO - 2024-10-06 17:23:31 --> Session: Class initialized using 'CodeIgniter\Session\Handlers\FileHandler' driver.
CRITICAL - 2024-10-06 17:23:31 --> CodeIgniter\Pager\Exceptions\PagerException: "bootstrap_pagination" is not a valid Pager template.
[Method: GET, Route: visiteur/listerLesArticlesAvecPagination]
in SYSTEMPATH\Pager\Pager.php on line 124.
 1 SYSTEMPATH\Pager\Pager.php(124): CodeIgniter\Pager\Exceptions\PagerException::forInvalidTemplate('bootstrap_pagination')
 2 SYSTEMPATH\Pager\Pager.php(87): CodeIgniter\Pager\Pager->displayLinks('default', 'bootstrap_pagination')
 3 APPPATH\Views\visiteur\listerLesArticlesAvecPagination.php(20): CodeIgniter\Pager\Pager->links('default', 'bootstrap_pagination')
 4 SYSTEMPATH\View\View.php(234): include('C:\\xampp\\htdocs\\Projet_Training\\BlogPlanete_CI4\\app\\Views\\visiteur\\listerLesArticlesAvecPagination.php')
 5 SYSTEMPATH\View\View.php(237): CodeIgniter\View\View->CodeIgniter\View\{closure}()
 6 SYSTEMPATH\Common.php(1171): CodeIgniter\View\View->render('visiteur/listerLesArticlesAvecPagination', [], true)
 7 APPPATH\Controllers\Visiteur.php(30): view('visiteur/listerLesArticlesAvecPagination', [...])
 8 SYSTEMPATH\CodeIgniter.php(933): App\Controllers\Visiteur->listerLesArticlesAvecPagination()
 9 SYSTEMPATH\CodeIgniter.php(509): CodeIgniter\CodeIgniter->runController(Object(App\Controllers\Visiteur))
10 SYSTEMPATH\CodeIgniter.php(355): CodeIgniter\CodeIgniter->handleRequest(null, Object(Config\Cache), false)
11 SYSTEMPATH\Boot.php(325): CodeIgniter\CodeIgniter->run()
12 SYSTEMPATH\Boot.php(67): CodeIgniter\Boot::runCodeIgniter(Object(CodeIgniter\CodeIgniter))
13 FCPATH\index.php(56): CodeIgniter\Boot::bootWeb(Object(Config\Paths))
14 SYSTEMPATH\rewrite.php(44): require_once('C:\\xampp\\htdocs\\Projet_Training\\BlogPlanete_CI4\\public\\index.php')
INFO - 2024-10-06 17:34:44 --> Session: Class initialized using 'CodeIgniter\Session\Handlers\FileHandler' driver.
CRITICAL - 2024-10-06 17:34:44 --> Error: Call to undefined method CodeIgniter\Pager\PagerRenderer::hasPages()
[Method: GET, Route: visiteur/listerLesArticlesAvecPagination]
in APPPATH\Views\pager\bootstrap_pagination.php on line 1.
 1 SYSTEMPATH\View\View.php(234): include()
 2 SYSTEMPATH\View\View.php(237): CodeIgniter\View\View->CodeIgniter\View\{closure}()
 3 SYSTEMPATH\Pager\Pager.php(130): CodeIgniter\View\View->render('App\\Views\\pager\\bootstrap_pagination')
 4 SYSTEMPATH\Pager\Pager.php(87): CodeIgniter\Pager\Pager->displayLinks('default', 'bootstrap_pagination')
 5 APPPATH\Views\visiteur\listerLesArticlesAvecPagination.php(20): CodeIgniter\Pager\Pager->links('default', 'bootstrap_pagination')
 6 SYSTEMPATH\View\View.php(234): include('C:\\xampp\\htdocs\\Projet_Training\\BlogPlanete_CI4\\app\\Views\\visiteur\\listerLesArticlesAvecPagination.php')
 7 SYSTEMPATH\View\View.php(237): CodeIgniter\View\View->CodeIgniter\View\{closure}()
 8 SYSTEMPATH\Common.php(1171): CodeIgniter\View\View->render('visiteur/listerLesArticlesAvecPagination', [], true)
 9 APPPATH\Controllers\Visiteur.php(30): view('visiteur/listerLesArticlesAvecPagination', [...])
10 SYSTEMPATH\CodeIgniter.php(933): App\Controllers\Visiteur->listerLesArticlesAvecPagination()
11 SYSTEMPATH\CodeIgniter.php(509): CodeIgniter\CodeIgniter->runController(Object(App\Controllers\Visiteur))
12 SYSTEMPATH\CodeIgniter.php(355): CodeIgniter\CodeIgniter->handleRequest(null, Object(Config\Cache), false)
13 SYSTEMPATH\Boot.php(325): CodeIgniter\CodeIgniter->run()
14 SYSTEMPATH\Boot.php(67): CodeIgniter\Boot::runCodeIgniter(Object(CodeIgniter\CodeIgniter))
15 FCPATH\index.php(56): CodeIgniter\Boot::bootWeb(Object(Config\Paths))
16 SYSTEMPATH\rewrite.php(44): require_once('C:\\xampp\\htdocs\\Projet_Training\\BlogPlanete_CI4\\public\\index.php')
INFO - 2024-10-06 17:37:52 --> Session: Class initialized using 'CodeIgniter\Session\Handlers\FileHandler' driver.
INFO - 2024-10-06 17:38:02 --> Session: Class initialized using 'CodeIgniter\Session\Handlers\FileHandler' driver.
INFO - 2024-10-06 17:38:11 --> Session: Class initialized using 'CodeIgniter\Session\Handlers\FileHandler' driver.
INFO - 2024-10-06 17:38:24 --> Session: Class initialized using 'CodeIgniter\Session\Handlers\FileHandler' driver.
INFO - 2024-10-06 17:38:41 --> Session: Class initialized using 'CodeIgniter\Session\Handlers\FileHandler' driver.
INFO - 2024-10-06 17:38:47 --> Session: Class initialized using 'CodeIgniter\Session\Handlers\FileHandler' driver.
CRITICAL - 2024-10-06 17:38:47 --> Error: Call to undefined method CodeIgniter\Pager\PagerRenderer::hasPages()
[Method: GET, Route: visiteur/listerLesArticlesAvecPagination]
in APPPATH\Views\pager\bootstrap_pagination.php on line 1.
 1 SYSTEMPATH\View\View.php(234): include()
 2 SYSTEMPATH\View\View.php(237): CodeIgniter\View\View->CodeIgniter\View\{closure}()
 3 SYSTEMPATH\Pager\Pager.php(130): CodeIgniter\View\View->render('App\\Views\\pager\\bootstrap_pagination')
 4 SYSTEMPATH\Pager\Pager.php(87): CodeIgniter\Pager\Pager->displayLinks('default', 'bootstrap_pagination')
 5 APPPATH\Views\visiteur\listerLesArticlesAvecPagination.php(20): CodeIgniter\Pager\Pager->links('default', 'bootstrap_pagination')
 6 SYSTEMPATH\View\View.php(234): include('C:\\xampp\\htdocs\\Projet_Training\\BlogPlanete_CI4\\app\\Views\\visiteur\\listerLesArticlesAvecPagination.php')
 7 SYSTEMPATH\View\View.php(237): CodeIgniter\View\View->CodeIgniter\View\{closure}()
 8 SYSTEMPATH\Common.php(1171): CodeIgniter\View\View->render('visiteur/listerLesArticlesAvecPagination', [], true)
 9 APPPATH\Controllers\Visiteur.php(30): view('visiteur/listerLesArticlesAvecPagination', [...])
10 SYSTEMPATH\CodeIgniter.php(933): App\Controllers\Visiteur->listerLesArticlesAvecPagination()
11 SYSTEMPATH\CodeIgniter.php(509): CodeIgniter\CodeIgniter->runController(Object(App\Controllers\Visiteur))
12 SYSTEMPATH\CodeIgniter.php(355): CodeIgniter\CodeIgniter->handleRequest(null, Object(Config\Cache), false)
13 SYSTEMPATH\Boot.php(325): CodeIgniter\CodeIgniter->run()
14 SYSTEMPATH\Boot.php(67): CodeIgniter\Boot::runCodeIgniter(Object(CodeIgniter\CodeIgniter))
15 FCPATH\index.php(56): CodeIgniter\Boot::bootWeb(Object(Config\Paths))
16 SYSTEMPATH\rewrite.php(44): require_once('C:\\xampp\\htdocs\\Projet_Training\\BlogPlanete_CI4\\public\\index.php')
INFO - 2024-10-06 17:41:27 --> Session: Class initialized using 'CodeIgniter\Session\Handlers\FileHandler' driver.
INFO - 2024-10-06 17:41:41 --> Session: Class initialized using 'CodeIgniter\Session\Handlers\FileHandler' driver.
INFO - 2024-10-06 17:41:45 --> Session: Class initialized using 'CodeIgniter\Session\Handlers\FileHandler' driver.
INFO - 2024-10-06 17:41:46 --> Session: Class initialized using 'CodeIgniter\Session\Handlers\FileHandler' driver.
INFO - 2024-10-06 17:41:47 --> Session: Class initialized using 'CodeIgniter\Session\Handlers\FileHandler' driver.
INFO - 2024-10-06 17:41:49 --> Session: Class initialized using 'CodeIgniter\Session\Handlers\FileHandler' driver.
INFO - 2024-10-06 17:43:50 --> Session: Class initialized using 'CodeIgniter\Session\Handlers\FileHandler' driver.
INFO - 2024-10-06 17:43:52 --> Session: Class initialized using 'CodeIgniter\Session\Handlers\FileHandler' driver.
INFO - 2024-10-06 17:43:55 --> Session: Class initialized using 'CodeIgniter\Session\Handlers\FileHandler' driver.
INFO - 2024-10-06 17:43:55 --> Session: Class initialized using 'CodeIgniter\Session\Handlers\FileHandler' driver.
INFO - 2024-10-06 19:17:27 --> Session: Class initialized using 'CodeIgniter\Session\Handlers\FileHandler' driver.
INFO - 2024-10-06 19:17:46 --> Session: Class initialized using 'CodeIgniter\Session\Handlers\FileHandler' driver.
INFO - 2024-10-06 19:17:53 --> Session: Class initialized using 'CodeIgniter\Session\Handlers\FileHandler' driver.
INFO - 2024-10-06 19:18:16 --> Session: Class initialized using 'CodeIgniter\Session\Handlers\FileHandler' driver.
INFO - 2024-10-06 19:18:19 --> Session: Class initialized using 'CodeIgniter\Session\Handlers\FileHandler' driver.
INFO - 2024-10-06 19:18:21 --> Session: Class initialized using 'CodeIgniter\Session\Handlers\FileHandler' driver.
INFO - 2024-10-06 19:18:40 --> Session: Class initialized using 'CodeIgniter\Session\Handlers\FileHandler' driver.
INFO - 2024-10-06 19:18:47 --> Session: Class initialized using 'CodeIgniter\Session\Handlers\FileHandler' driver.
INFO - 2024-10-06 19:19:09 --> Session: Class initialized using 'CodeIgniter\Session\Handlers\FileHandler' driver.
INFO - 2024-10-06 19:19:26 --> Session: Class initialized using 'CodeIgniter\Session\Handlers\FileHandler' driver.
INFO - 2024-10-06 19:19:27 --> Session: Class initialized using 'CodeIgniter\Session\Handlers\FileHandler' driver.
INFO - 2024-10-06 19:19:35 --> Session: Class initialized using 'CodeIgniter\Session\Handlers\FileHandler' driver.
INFO - 2024-10-06 19:24:06 --> Session: Class initialized using 'CodeIgniter\Session\Handlers\FileHandler' driver.
INFO - 2024-10-06 19:24:42 --> Session: Class initialized using 'CodeIgniter\Session\Handlers\FileHandler' driver.
INFO - 2024-10-06 19:25:20 --> Session: Class initialized using 'CodeIgniter\Session\Handlers\FileHandler' driver.
INFO - 2024-10-06 19:26:10 --> Session: Class initialized using 'CodeIgniter\Session\Handlers\FileHandler' driver.
INFO - 2024-10-06 19:26:29 --> Session: Class initialized using 'CodeIgniter\Session\Handlers\FileHandler' driver.
INFO - 2024-10-06 19:27:19 --> Session: Class initialized using 'CodeIgniter\Session\Handlers\FileHandler' driver.
INFO - 2024-10-06 19:27:27 --> Session: Class initialized using 'CodeIgniter\Session\Handlers\FileHandler' driver.
INFO - 2024-10-06 19:27:59 --> Session: Class initialized using 'CodeIgniter\Session\Handlers\FileHandler' driver.
INFO - 2024-10-06 19:28:10 --> Session: Class initialized using 'CodeIgniter\Session\Handlers\FileHandler' driver.
INFO - 2024-10-06 19:28:21 --> Session: Class initialized using 'CodeIgniter\Session\Handlers\FileHandler' driver.
INFO - 2024-10-06 19:28:31 --> Session: Class initialized using 'CodeIgniter\Session\Handlers\FileHandler' driver.
INFO - 2024-10-06 19:28:39 --> Session: Class initialized using 'CodeIgniter\Session\Handlers\FileHandler' driver.
INFO - 2024-10-06 19:28:45 --> Session: Class initialized using 'CodeIgniter\Session\Handlers\FileHandler' driver.
INFO - 2024-10-06 19:28:48 --> Session: Class initialized using 'CodeIgniter\Session\Handlers\FileHandler' driver.
INFO - 2024-10-06 19:28:50 --> Session: Class initialized using 'CodeIgniter\Session\Handlers\FileHandler' driver.
INFO - 2024-10-06 19:28:52 --> Session: Class initialized using 'CodeIgniter\Session\Handlers\FileHandler' driver.
INFO - 2024-10-06 19:29:16 --> Session: Class initialized using 'CodeIgniter\Session\Handlers\FileHandler' driver.
INFO - 2024-10-06 19:29:26 --> Session: Class initialized using 'CodeIgniter\Session\Handlers\FileHandler' driver.
INFO - 2024-10-06 19:29:42 --> Session: Class initialized using 'CodeIgniter\Session\Handlers\FileHandler' driver.
INFO - 2024-10-06 19:31:03 --> Session: Class initialized using 'CodeIgniter\Session\Handlers\FileHandler' driver.
INFO - 2024-10-06 19:31:05 --> Session: Class initialized using 'CodeIgniter\Session\Handlers\FileHandler' driver.
INFO - 2024-10-06 19:31:06 --> Session: Class initialized using 'CodeIgniter\Session\Handlers\FileHandler' driver.
INFO - 2024-10-06 19:31:06 --> Session: Class initialized using 'CodeIgniter\Session\Handlers\FileHandler' driver.
INFO - 2024-10-06 19:31:07 --> Session: Class initialized using 'CodeIgniter\Session\Handlers\FileHandler' driver.
INFO - 2024-10-06 19:31:11 --> Session: Class initialized using 'CodeIgniter\Session\Handlers\FileHandler' driver.
INFO - 2024-10-06 19:31:19 --> Session: Class initialized using 'CodeIgniter\Session\Handlers\FileHandler' driver.
INFO - 2024-10-06 19:31:32 --> Session: Class initialized using 'CodeIgniter\Session\Handlers\FileHandler' driver.
INFO - 2024-10-06 19:31:34 --> Session: Class initialized using 'CodeIgniter\Session\Handlers\FileHandler' driver.
INFO - 2024-10-06 19:32:10 --> Session: Class initialized using 'CodeIgniter\Session\Handlers\FileHandler' driver.
INFO - 2024-10-06 19:32:22 --> Session: Class initialized using 'CodeIgniter\Session\Handlers\FileHandler' driver.
INFO - 2024-10-06 19:36:37 --> Session: Class initialized using 'CodeIgniter\Session\Handlers\FileHandler' driver.
CRITICAL - 2024-10-06 19:36:37 --> ErrorException: Array to string conversion
[Method: GET, Route: visiteur/listerLesArticles]
in APPPATH\Views\visiteur\listerLesArticles.php on line 8.
 1 APPPATH\Views\visiteur\listerLesArticles.php(8): CodeIgniter\Debug\Exceptions->errorHandler(2, 'Array to string conversion', 'C:\\xampp\\htdocs\\Projet_Training\\BlogPlanete_CI4\\app\\Views\\visiteur\\listerLesArticles.php', 8)
 2 SYSTEMPATH\View\View.php(234): include('C:\\xampp\\htdocs\\Projet_Training\\BlogPlanete_CI4\\app\\Views\\visiteur\\listerLesArticles.php')
 3 SYSTEMPATH\View\View.php(237): CodeIgniter\View\View->CodeIgniter\View\{closure}()
 4 SYSTEMPATH\Common.php(1171): CodeIgniter\View\View->render('visiteur/listerLesArticles', [], true)
 5 APPPATH\Controllers\Visiteur.php(18): view('visiteur/listerLesArticles', [...])
 6 SYSTEMPATH\CodeIgniter.php(933): App\Controllers\Visiteur->listerLesArticles()
 7 SYSTEMPATH\CodeIgniter.php(509): CodeIgniter\CodeIgniter->runController(Object(App\Controllers\Visiteur))
 8 SYSTEMPATH\CodeIgniter.php(355): CodeIgniter\CodeIgniter->handleRequest(null, Object(Config\Cache), false)
 9 SYSTEMPATH\Boot.php(325): CodeIgniter\CodeIgniter->run()
10 SYSTEMPATH\Boot.php(67): CodeIgniter\Boot::runCodeIgniter(Object(CodeIgniter\CodeIgniter))
11 FCPATH\index.php(56): CodeIgniter\Boot::bootWeb(Object(Config\Paths))
12 SYSTEMPATH\rewrite.php(44): require_once('C:\\xampp\\htdocs\\Projet_Training\\BlogPlanete_CI4\\public\\index.php')
INFO - 2024-10-06 19:37:07 --> Session: Class initialized using 'CodeIgniter\Session\Handlers\FileHandler' driver.
INFO - 2024-10-06 19:37:27 --> Session: Class initialized using 'CodeIgniter\Session\Handlers\FileHandler' driver.
INFO - 2024-10-06 19:37:37 --> Session: Class initialized using 'CodeIgniter\Session\Handlers\FileHandler' driver.
INFO - 2024-10-06 19:41:04 --> Session: Class initialized using 'CodeIgniter\Session\Handlers\FileHandler' driver.
INFO - 2024-10-06 19:43:02 --> Session: Class initialized using 'CodeIgniter\Session\Handlers\FileHandler' driver.
INFO - 2024-10-06 19:44:16 --> Session: Class initialized using 'CodeIgniter\Session\Handlers\FileHandler' driver.
INFO - 2024-10-06 19:44:17 --> Session: Class initialized using 'CodeIgniter\Session\Handlers\FileHandler' driver.
INFO - 2024-10-06 19:44:35 --> Session: Class initialized using 'CodeIgniter\Session\Handlers\FileHandler' driver.
INFO - 2024-10-06 19:44:47 --> Session: Class initialized using 'CodeIgniter\Session\Handlers\FileHandler' driver.
INFO - 2024-10-06 19:45:01 --> Session: Class initialized using 'CodeIgniter\Session\Handlers\FileHandler' driver.
INFO - 2024-10-06 19:45:22 --> Session: Class initialized using 'CodeIgniter\Session\Handlers\FileHandler' driver.
INFO - 2024-10-06 19:45:26 --> Session: Class initialized using 'CodeIgniter\Session\Handlers\FileHandler' driver.
INFO - 2024-10-06 19:45:38 --> Session: Class initialized using 'CodeIgniter\Session\Handlers\FileHandler' driver.
INFO - 2024-10-06 19:45:40 --> Session: Class initialized using 'CodeIgniter\Session\Handlers\FileHandler' driver.
INFO - 2024-10-06 19:45:59 --> Session: Class initialized using 'CodeIgniter\Session\Handlers\FileHandler' driver.
INFO - 2024-10-06 19:46:17 --> Session: Class initialized using 'CodeIgniter\Session\Handlers\FileHandler' driver.
INFO - 2024-10-06 19:46:18 --> Session: Class initialized using 'CodeIgniter\Session\Handlers\FileHandler' driver.
INFO - 2024-10-06 19:46:31 --> Session: Class initialized using 'CodeIgniter\Session\Handlers\FileHandler' driver.
INFO - 2024-10-06 19:46:32 --> Session: Class initialized using 'CodeIgniter\Session\Handlers\FileHandler' driver.
INFO - 2024-10-06 19:46:40 --> Session: Class initialized using 'CodeIgniter\Session\Handlers\FileHandler' driver.
INFO - 2024-10-06 19:47:20 --> Session: Class initialized using 'CodeIgniter\Session\Handlers\FileHandler' driver.
INFO - 2024-10-06 19:49:03 --> Session: Class initialized using 'CodeIgniter\Session\Handlers\FileHandler' driver.
INFO - 2024-10-06 19:49:13 --> Session: Class initialized using 'CodeIgniter\Session\Handlers\FileHandler' driver.
INFO - 2024-10-06 19:49:15 --> Session: Class initialized using 'CodeIgniter\Session\Handlers\FileHandler' driver.
INFO - 2024-10-06 19:49:20 --> Session: Class initialized using 'CodeIgniter\Session\Handlers\FileHandler' driver.
INFO - 2024-10-06 19:49:24 --> Session: Class initialized using 'CodeIgniter\Session\Handlers\FileHandler' driver.
INFO - 2024-10-06 19:52:11 --> Session: Class initialized using 'CodeIgniter\Session\Handlers\FileHandler' driver.
CRITICAL - 2024-10-06 19:52:11 --> TypeError: site_url(): Argument #2 ($scheme) must be of type ?string, array given, called in C:\xampp\htdocs\Projet_Training\BlogPlanete_CI4\app\Views\visiteur\voirUnArticle.php on line 22
[Method: GET, Route: visiteur/voirUnArticle/4]
in SYSTEMPATH\Helpers\url_helper.php on line 33.
 1 APPPATH\Views\visiteur\voirUnArticle.php(22): site_url('administrateur/ajouterUnAvis/4', [...])
 2 SYSTEMPATH\View\View.php(234): include('C:\\xampp\\htdocs\\Projet_Training\\BlogPlanete_CI4\\app\\Views\\visiteur\\voirUnArticle.php')
 3 SYSTEMPATH\View\View.php(237): CodeIgniter\View\View->CodeIgniter\View\{closure}()
 4 SYSTEMPATH\Common.php(1171): CodeIgniter\View\View->render('visiteur/voirUnArticle', [], true)
 5 APPPATH\Controllers\Visiteur.php(45): view('visiteur/voirUnArticle', [...])
 6 SYSTEMPATH\CodeIgniter.php(933): App\Controllers\Visiteur->voirUnArticle('4')
 7 SYSTEMPATH\CodeIgniter.php(509): CodeIgniter\CodeIgniter->runController(Object(App\Controllers\Visiteur))
 8 SYSTEMPATH\CodeIgniter.php(355): CodeIgniter\CodeIgniter->handleRequest(null, Object(Config\Cache), false)
 9 SYSTEMPATH\Boot.php(325): CodeIgniter\CodeIgniter->run()
10 SYSTEMPATH\Boot.php(67): CodeIgniter\Boot::runCodeIgniter(Object(CodeIgniter\CodeIgniter))
11 FCPATH\index.php(56): CodeIgniter\Boot::bootWeb(Object(Config\Paths))
12 SYSTEMPATH\rewrite.php(44): require_once('C:\\xampp\\htdocs\\Projet_Training\\BlogPlanete_CI4\\public\\index.php')
INFO - 2024-10-06 19:52:28 --> Session: Class initialized using 'CodeIgniter\Session\Handlers\FileHandler' driver.
INFO - 2024-10-06 19:52:45 --> Session: Class initialized using 'CodeIgniter\Session\Handlers\FileHandler' driver.
INFO - 2024-10-06 19:52:46 --> Session: Class initialized using 'CodeIgniter\Session\Handlers\FileHandler' driver.
INFO - 2024-10-06 19:52:52 --> Session: Class initialized using 'CodeIgniter\Session\Handlers\FileHandler' driver.
INFO - 2024-10-06 19:52:58 --> Session: Class initialized using 'CodeIgniter\Session\Handlers\FileHandler' driver.
INFO - 2024-10-06 19:53:10 --> Session: Class initialized using 'CodeIgniter\Session\Handlers\FileHandler' driver.
INFO - 2024-10-06 19:53:12 --> Session: Class initialized using 'CodeIgniter\Session\Handlers\FileHandler' driver.
INFO - 2024-10-06 19:53:14 --> Session: Class initialized using 'CodeIgniter\Session\Handlers\FileHandler' driver.
INFO - 2024-10-06 19:53:21 --> Session: Class initialized using 'CodeIgniter\Session\Handlers\FileHandler' driver.
INFO - 2024-10-06 19:53:37 --> Session: Class initialized using 'CodeIgniter\Session\Handlers\FileHandler' driver.
INFO - 2024-10-06 19:53:39 --> Session: Class initialized using 'CodeIgniter\Session\Handlers\FileHandler' driver.
INFO - 2024-10-06 19:53:59 --> Session: Class initialized using 'CodeIgniter\Session\Handlers\FileHandler' driver.
INFO - 2024-10-06 19:54:18 --> Session: Class initialized using 'CodeIgniter\Session\Handlers\FileHandler' driver.
INFO - 2024-10-06 19:54:24 --> Session: Class initialized using 'CodeIgniter\Session\Handlers\FileHandler' driver.
INFO - 2024-10-06 19:54:26 --> Session: Class initialized using 'CodeIgniter\Session\Handlers\FileHandler' driver.
INFO - 2024-10-06 19:54:33 --> Session: Class initialized using 'CodeIgniter\Session\Handlers\FileHandler' driver.
INFO - 2024-10-06 19:54:34 --> Session: Class initialized using 'CodeIgniter\Session\Handlers\FileHandler' driver.
INFO - 2024-10-06 19:54:48 --> Session: Class initialized using 'CodeIgniter\Session\Handlers\FileHandler' driver.
INFO - 2024-10-06 19:54:52 --> Session: Class initialized using 'CodeIgniter\Session\Handlers\FileHandler' driver.
INFO - 2024-10-06 19:54:56 --> Session: Class initialized using 'CodeIgniter\Session\Handlers\FileHandler' driver.
INFO - 2024-10-06 19:55:08 --> Session: Class initialized using 'CodeIgniter\Session\Handlers\FileHandler' driver.
INFO - 2024-10-06 19:55:10 --> Session: Class initialized using 'CodeIgniter\Session\Handlers\FileHandler' driver.
INFO - 2024-10-06 19:55:43 --> Session: Class initialized using 'CodeIgniter\Session\Handlers\FileHandler' driver.
INFO - 2024-10-06 19:55:56 --> Session: Class initialized using 'CodeIgniter\Session\Handlers\FileHandler' driver.
INFO - 2024-10-06 19:56:12 --> Session: Class initialized using 'CodeIgniter\Session\Handlers\FileHandler' driver.
INFO - 2024-10-06 19:56:44 --> Session: Class initialized using 'CodeIgniter\Session\Handlers\FileHandler' driver.
INFO - 2024-10-06 19:56:47 --> Session: Class initialized using 'CodeIgniter\Session\Handlers\FileHandler' driver.
INFO - 2024-10-06 19:56:54 --> Session: Class initialized using 'CodeIgniter\Session\Handlers\FileHandler' driver.
INFO - 2024-10-06 19:56:58 --> Session: Class initialized using 'CodeIgniter\Session\Handlers\FileHandler' driver.
INFO - 2024-10-06 19:57:00 --> Session: Class initialized using 'CodeIgniter\Session\Handlers\FileHandler' driver.
INFO - 2024-10-06 19:57:07 --> Session: Class initialized using 'CodeIgniter\Session\Handlers\FileHandler' driver.
INFO - 2024-10-06 19:57:27 --> Session: Class initialized using 'CodeIgniter\Session\Handlers\FileHandler' driver.
INFO - 2024-10-06 20:06:40 --> Session: Class initialized using 'CodeIgniter\Session\Handlers\FileHandler' driver.
INFO - 2024-10-06 20:07:18 --> Session: Class initialized using 'CodeIgniter\Session\Handlers\FileHandler' driver.
INFO - 2024-10-06 20:08:19 --> Session: Class initialized using 'CodeIgniter\Session\Handlers\FileHandler' driver.
INFO - 2024-10-06 20:08:53 --> Session: Class initialized using 'CodeIgniter\Session\Handlers\FileHandler' driver.
INFO - 2024-10-06 20:09:16 --> Session: Class initialized using 'CodeIgniter\Session\Handlers\FileHandler' driver.
INFO - 2024-10-06 20:09:52 --> Session: Class initialized using 'CodeIgniter\Session\Handlers\FileHandler' driver.
INFO - 2024-10-06 20:10:06 --> Session: Class initialized using 'CodeIgniter\Session\Handlers\FileHandler' driver.
INFO - 2024-10-06 20:10:26 --> Session: Class initialized using 'CodeIgniter\Session\Handlers\FileHandler' driver.
INFO - 2024-10-06 20:10:34 --> Session: Class initialized using 'CodeIgniter\Session\Handlers\FileHandler' driver.
INFO - 2024-10-06 20:10:50 --> Session: Class initialized using 'CodeIgniter\Session\Handlers\FileHandler' driver.
INFO - 2024-10-06 20:10:59 --> Session: Class initialized using 'CodeIgniter\Session\Handlers\FileHandler' driver.
INFO - 2024-10-06 20:11:13 --> Session: Class initialized using 'CodeIgniter\Session\Handlers\FileHandler' driver.
INFO - 2024-10-06 20:11:22 --> Session: Class initialized using 'CodeIgniter\Session\Handlers\FileHandler' driver.
INFO - 2024-10-06 20:12:01 --> Session: Class initialized using 'CodeIgniter\Session\Handlers\FileHandler' driver.
INFO - 2024-10-06 20:12:42 --> Session: Class initialized using 'CodeIgniter\Session\Handlers\FileHandler' driver.
INFO - 2024-10-06 20:13:21 --> Session: Class initialized using 'CodeIgniter\Session\Handlers\FileHandler' driver.
INFO - 2024-10-06 20:13:38 --> Session: Class initialized using 'CodeIgniter\Session\Handlers\FileHandler' driver.
INFO - 2024-10-06 20:13:46 --> Session: Class initialized using 'CodeIgniter\Session\Handlers\FileHandler' driver.
INFO - 2024-10-06 20:14:01 --> Session: Class initialized using 'CodeIgniter\Session\Handlers\FileHandler' driver.
INFO - 2024-10-06 20:14:09 --> Session: Class initialized using 'CodeIgniter\Session\Handlers\FileHandler' driver.
INFO - 2024-10-06 20:14:19 --> Session: Class initialized using 'CodeIgniter\Session\Handlers\FileHandler' driver.
INFO - 2024-10-06 20:14:27 --> Session: Class initialized using 'CodeIgniter\Session\Handlers\FileHandler' driver.
INFO - 2024-10-06 20:14:32 --> Session: Class initialized using 'CodeIgniter\Session\Handlers\FileHandler' driver.
INFO - 2024-10-06 20:14:33 --> Session: Class initialized using 'CodeIgniter\Session\Handlers\FileHandler' driver.
INFO - 2024-10-06 20:14:34 --> Session: Class initialized using 'CodeIgniter\Session\Handlers\FileHandler' driver.
INFO - 2024-10-06 20:14:35 --> Session: Class initialized using 'CodeIgniter\Session\Handlers\FileHandler' driver.
INFO - 2024-10-06 20:14:38 --> Session: Class initialized using 'CodeIgniter\Session\Handlers\FileHandler' driver.
INFO - 2024-10-06 20:14:39 --> Session: Class initialized using 'CodeIgniter\Session\Handlers\FileHandler' driver.
INFO - 2024-10-06 20:14:40 --> Session: Class initialized using 'CodeIgniter\Session\Handlers\FileHandler' driver.
INFO - 2024-10-06 20:14:41 --> Session: Class initialized using 'CodeIgniter\Session\Handlers\FileHandler' driver.
INFO - 2024-10-06 20:14:43 --> Session: Class initialized using 'CodeIgniter\Session\Handlers\FileHandler' driver.
INFO - 2024-10-06 20:14:44 --> Session: Class initialized using 'CodeIgniter\Session\Handlers\FileHandler' driver.
INFO - 2024-10-06 20:14:45 --> Session: Class initialized using 'CodeIgniter\Session\Handlers\FileHandler' driver.
INFO - 2024-10-06 20:14:48 --> Session: Class initialized using 'CodeIgniter\Session\Handlers\FileHandler' driver.
INFO - 2024-10-06 20:14:54 --> Session: Class initialized using 'CodeIgniter\Session\Handlers\FileHandler' driver.
INFO - 2024-10-06 20:14:57 --> Session: Class initialized using 'CodeIgniter\Session\Handlers\FileHandler' driver.
INFO - 2024-10-06 20:14:58 --> Session: Class initialized using 'CodeIgniter\Session\Handlers\FileHandler' driver.
INFO - 2024-10-06 20:14:59 --> Session: Class initialized using 'CodeIgniter\Session\Handlers\FileHandler' driver.
INFO - 2024-10-06 20:15:01 --> Session: Class initialized using 'CodeIgniter\Session\Handlers\FileHandler' driver.
INFO - 2024-10-06 20:15:07 --> Session: Class initialized using 'CodeIgniter\Session\Handlers\FileHandler' driver.
INFO - 2024-10-06 20:16:13 --> Session: Class initialized using 'CodeIgniter\Session\Handlers\FileHandler' driver.
INFO - 2024-10-06 20:19:20 --> Session: Class initialized using 'CodeIgniter\Session\Handlers\FileHandler' driver.
INFO - 2024-10-06 20:19:44 --> Session: Class initialized using 'CodeIgniter\Session\Handlers\FileHandler' driver.
INFO - 2024-10-06 20:19:46 --> Session: Class initialized using 'CodeIgniter\Session\Handlers\FileHandler' driver.
INFO - 2024-10-06 20:19:51 --> Session: Class initialized using 'CodeIgniter\Session\Handlers\FileHandler' driver.
INFO - 2024-10-06 20:19:54 --> Session: Class initialized using 'CodeIgniter\Session\Handlers\FileHandler' driver.
INFO - 2024-10-06 20:20:46 --> Session: Class initialized using 'CodeIgniter\Session\Handlers\FileHandler' driver.
INFO - 2024-10-06 20:31:00 --> Session: Class initialized using 'CodeIgniter\Session\Handlers\FileHandler' driver.
INFO - 2024-10-06 20:31:03 --> Session: Class initialized using 'CodeIgniter\Session\Handlers\FileHandler' driver.
INFO - 2024-10-06 20:34:57 --> Session: Class initialized using 'CodeIgniter\Session\Handlers\FileHandler' driver.
INFO - 2024-10-06 20:35:16 --> Session: Class initialized using 'CodeIgniter\Session\Handlers\FileHandler' driver.
INFO - 2024-10-06 20:35:29 --> Session: Class initialized using 'CodeIgniter\Session\Handlers\FileHandler' driver.
INFO - 2024-10-06 20:35:29 --> Session: Class initialized using 'CodeIgniter\Session\Handlers\FileHandler' driver.
INFO - 2024-10-06 20:35:50 --> Session: Class initialized using 'CodeIgniter\Session\Handlers\FileHandler' driver.
INFO - 2024-10-06 20:53:13 --> Session: Class initialized using 'CodeIgniter\Session\Handlers\FileHandler' driver.
CRITICAL - 2024-10-06 20:53:13 --> ErrorException: Undefined array key "NOAVIS"
[Method: GET, Route: visiteur/voirUnArticle/4]
in APPPATH\Views\visiteur\voirUnArticle.php on line 17.
 1 APPPATH\Views\visiteur\voirUnArticle.php(17): CodeIgniter\Debug\Exceptions->errorHandler(2, 'Undefined array key "NOAVIS"', 'C:\\xampp\\htdocs\\Projet_Training\\BlogPlanete_CI4\\app\\Views\\visiteur\\voirUnArticle.php', 17)
 2 SYSTEMPATH\View\View.php(234): include('C:\\xampp\\htdocs\\Projet_Training\\BlogPlanete_CI4\\app\\Views\\visiteur\\voirUnArticle.php')
 3 SYSTEMPATH\View\View.php(237): CodeIgniter\View\View->CodeIgniter\View\{closure}()
 4 SYSTEMPATH\Common.php(1171): CodeIgniter\View\View->render('visiteur/voirUnArticle', [], true)
 5 APPPATH\Controllers\Visiteur.php(45): view('visiteur/voirUnArticle', [...])
 6 SYSTEMPATH\CodeIgniter.php(933): App\Controllers\Visiteur->voirUnArticle('4')
 7 SYSTEMPATH\CodeIgniter.php(509): CodeIgniter\CodeIgniter->runController(Object(App\Controllers\Visiteur))
 8 SYSTEMPATH\CodeIgniter.php(355): CodeIgniter\CodeIgniter->handleRequest(null, Object(Config\Cache), false)
 9 SYSTEMPATH\Boot.php(325): CodeIgniter\CodeIgniter->run()
10 SYSTEMPATH\Boot.php(67): CodeIgniter\Boot::runCodeIgniter(Object(CodeIgniter\CodeIgniter))
11 FCPATH\index.php(56): CodeIgniter\Boot::bootWeb(Object(Config\Paths))
12 SYSTEMPATH\rewrite.php(44): require_once('C:\\xampp\\htdocs\\Projet_Training\\BlogPlanete_CI4\\public\\index.php')
INFO - 2024-10-06 20:54:13 --> Session: Class initialized using 'CodeIgniter\Session\Handlers\FileHandler' driver.
INFO - 2024-10-06 20:54:58 --> Session: Class initialized using 'CodeIgniter\Session\Handlers\FileHandler' driver.
INFO - 2024-10-06 20:56:46 --> Session: Class initialized using 'CodeIgniter\Session\Handlers\FileHandler' driver.
INFO - 2024-10-06 20:58:20 --> Session: Class initialized using 'CodeIgniter\Session\Handlers\FileHandler' driver.
INFO - 2024-10-06 21:09:54 --> Session: Class initialized using 'CodeIgniter\Session\Handlers\FileHandler' driver.
INFO - 2024-10-06 21:10:20 --> Session: Class initialized using 'CodeIgniter\Session\Handlers\FileHandler' driver.
INFO - 2024-10-06 21:11:12 --> Session: Class initialized using 'CodeIgniter\Session\Handlers\FileHandler' driver.
INFO - 2024-10-06 21:11:36 --> Session: Class initialized using 'CodeIgniter\Session\Handlers\FileHandler' driver.
INFO - 2024-10-06 21:11:44 --> Session: Class initialized using 'CodeIgniter\Session\Handlers\FileHandler' driver.
INFO - 2024-10-06 21:11:57 --> Session: Class initialized using 'CodeIgniter\Session\Handlers\FileHandler' driver.
INFO - 2024-10-06 21:21:19 --> Session: Class initialized using 'CodeIgniter\Session\Handlers\FileHandler' driver.
CRITICAL - 2024-10-06 21:21:19 --> ErrorException: Undefined array key "NOAVIS"
[Method: GET, Route: visiteur/voirUnArticle/4]
in APPPATH\Views\visiteur\voirUnArticle.php on line 20.
 1 APPPATH\Views\visiteur\voirUnArticle.php(20): CodeIgniter\Debug\Exceptions->errorHandler(2, 'Undefined array key "NOAVIS"', 'C:\\xampp\\htdocs\\Projet_Training\\BlogPlanete_CI4\\app\\Views\\visiteur\\voirUnArticle.php', 20)
 2 SYSTEMPATH\View\View.php(234): include('C:\\xampp\\htdocs\\Projet_Training\\BlogPlanete_CI4\\app\\Views\\visiteur\\voirUnArticle.php')
 3 SYSTEMPATH\View\View.php(237): CodeIgniter\View\View->CodeIgniter\View\{closure}()
 4 SYSTEMPATH\Common.php(1171): CodeIgniter\View\View->render('visiteur/voirUnArticle', [], true)
 5 APPPATH\Controllers\Visiteur.php(45): view('visiteur/voirUnArticle', [...])
 6 SYSTEMPATH\CodeIgniter.php(933): App\Controllers\Visiteur->voirUnArticle('4')
 7 SYSTEMPATH\CodeIgniter.php(509): CodeIgniter\CodeIgniter->runController(Object(App\Controllers\Visiteur))
 8 SYSTEMPATH\CodeIgniter.php(355): CodeIgniter\CodeIgniter->handleRequest(null, Object(Config\Cache), false)
 9 SYSTEMPATH\Boot.php(325): CodeIgniter\CodeIgniter->run()
10 SYSTEMPATH\Boot.php(67): CodeIgniter\Boot::runCodeIgniter(Object(CodeIgniter\CodeIgniter))
11 FCPATH\index.php(56): CodeIgniter\Boot::bootWeb(Object(Config\Paths))
12 SYSTEMPATH\rewrite.php(44): require_once('C:\\xampp\\htdocs\\Projet_Training\\BlogPlanete_CI4\\public\\index.php')
INFO - 2024-10-06 21:22:31 --> Session: Class initialized using 'CodeIgniter\Session\Handlers\FileHandler' driver.
CRITICAL - 2024-10-06 21:22:31 --> ErrorException: Undefined array key "NOAVIS"
[Method: GET, Route: visiteur/voirUnArticle/4]
in APPPATH\Views\visiteur\voirUnArticle.php on line 20.
 1 APPPATH\Views\visiteur\voirUnArticle.php(20): CodeIgniter\Debug\Exceptions->errorHandler(2, 'Undefined array key "NOAVIS"', 'C:\\xampp\\htdocs\\Projet_Training\\BlogPlanete_CI4\\app\\Views\\visiteur\\voirUnArticle.php', 20)
 2 SYSTEMPATH\View\View.php(234): include('C:\\xampp\\htdocs\\Projet_Training\\BlogPlanete_CI4\\app\\Views\\visiteur\\voirUnArticle.php')
 3 SYSTEMPATH\View\View.php(237): CodeIgniter\View\View->CodeIgniter\View\{closure}()
 4 SYSTEMPATH\Common.php(1171): CodeIgniter\View\View->render('visiteur/voirUnArticle', [], true)
 5 APPPATH\Controllers\Visiteur.php(45): view('visiteur/voirUnArticle', [...])
 6 SYSTEMPATH\CodeIgniter.php(933): App\Controllers\Visiteur->voirUnArticle('4')
 7 SYSTEMPATH\CodeIgniter.php(509): CodeIgniter\CodeIgniter->runController(Object(App\Controllers\Visiteur))
 8 SYSTEMPATH\CodeIgniter.php(355): CodeIgniter\CodeIgniter->handleRequest(null, Object(Config\Cache), false)
 9 SYSTEMPATH\Boot.php(325): CodeIgniter\CodeIgniter->run()
10 SYSTEMPATH\Boot.php(67): CodeIgniter\Boot::runCodeIgniter(Object(CodeIgniter\CodeIgniter))
11 FCPATH\index.php(56): CodeIgniter\Boot::bootWeb(Object(Config\Paths))
12 SYSTEMPATH\rewrite.php(44): require_once('C:\\xampp\\htdocs\\Projet_Training\\BlogPlanete_CI4\\public\\index.php')
INFO - 2024-10-06 21:30:36 --> Session: Class initialized using 'CodeIgniter\Session\Handlers\FileHandler' driver.
CRITICAL - 2024-10-06 21:30:36 --> ErrorException: Undefined array key "NOAVIS"
[Method: GET, Route: visiteur/voirUnArticle/4]
in APPPATH\Views\visiteur\voirUnArticle.php on line 20.
 1 APPPATH\Views\visiteur\voirUnArticle.php(20): CodeIgniter\Debug\Exceptions->errorHandler(2, 'Undefined array key "NOAVIS"', 'C:\\xampp\\htdocs\\Projet_Training\\BlogPlanete_CI4\\app\\Views\\visiteur\\voirUnArticle.php', 20)
 2 SYSTEMPATH\View\View.php(234): include('C:\\xampp\\htdocs\\Projet_Training\\BlogPlanete_CI4\\app\\Views\\visiteur\\voirUnArticle.php')
 3 SYSTEMPATH\View\View.php(237): CodeIgniter\View\View->CodeIgniter\View\{closure}()
 4 SYSTEMPATH\Common.php(1171): CodeIgniter\View\View->render('visiteur/voirUnArticle', [], true)
 5 APPPATH\Controllers\Visiteur.php(45): view('visiteur/voirUnArticle', [...])
 6 SYSTEMPATH\CodeIgniter.php(933): App\Controllers\Visiteur->voirUnArticle('4')
 7 SYSTEMPATH\CodeIgniter.php(509): CodeIgniter\CodeIgniter->runController(Object(App\Controllers\Visiteur))
 8 SYSTEMPATH\CodeIgniter.php(355): CodeIgniter\CodeIgniter->handleRequest(null, Object(Config\Cache), false)
 9 SYSTEMPATH\Boot.php(325): CodeIgniter\CodeIgniter->run()
10 SYSTEMPATH\Boot.php(67): CodeIgniter\Boot::runCodeIgniter(Object(CodeIgniter\CodeIgniter))
11 FCPATH\index.php(56): CodeIgniter\Boot::bootWeb(Object(Config\Paths))
12 SYSTEMPATH\rewrite.php(44): require_once('C:\\xampp\\htdocs\\Projet_Training\\BlogPlanete_CI4\\public\\index.php')
INFO - 2024-10-06 21:32:35 --> Session: Class initialized using 'CodeIgniter\Session\Handlers\FileHandler' driver.
CRITICAL - 2024-10-06 21:32:35 --> ErrorException: Undefined array key "NOAVIS"
[Method: GET, Route: visiteur/voirUnArticle/4]
in APPPATH\Views\visiteur\voirUnArticle.php on line 20.
 1 APPPATH\Views\visiteur\voirUnArticle.php(20): CodeIgniter\Debug\Exceptions->errorHandler(2, 'Undefined array key "NOAVIS"', 'C:\\xampp\\htdocs\\Projet_Training\\BlogPlanete_CI4\\app\\Views\\visiteur\\voirUnArticle.php', 20)
 2 SYSTEMPATH\View\View.php(234): include('C:\\xampp\\htdocs\\Projet_Training\\BlogPlanete_CI4\\app\\Views\\visiteur\\voirUnArticle.php')
 3 SYSTEMPATH\View\View.php(237): CodeIgniter\View\View->CodeIgniter\View\{closure}()
 4 SYSTEMPATH\Common.php(1171): CodeIgniter\View\View->render('visiteur/voirUnArticle', [], true)
 5 APPPATH\Controllers\Visiteur.php(46): view('visiteur/voirUnArticle', [...])
 6 SYSTEMPATH\CodeIgniter.php(933): App\Controllers\Visiteur->voirUnArticle('4')
 7 SYSTEMPATH\CodeIgniter.php(509): CodeIgniter\CodeIgniter->runController(Object(App\Controllers\Visiteur))
 8 SYSTEMPATH\CodeIgniter.php(355): CodeIgniter\CodeIgniter->handleRequest(null, Object(Config\Cache), false)
 9 SYSTEMPATH\Boot.php(325): CodeIgniter\CodeIgniter->run()
10 SYSTEMPATH\Boot.php(67): CodeIgniter\Boot::runCodeIgniter(Object(CodeIgniter\CodeIgniter))
11 FCPATH\index.php(56): CodeIgniter\Boot::bootWeb(Object(Config\Paths))
12 SYSTEMPATH\rewrite.php(44): require_once('C:\\xampp\\htdocs\\Projet_Training\\BlogPlanete_CI4\\public\\index.php')
INFO - 2024-10-06 21:32:37 --> Session: Class initialized using 'CodeIgniter\Session\Handlers\FileHandler' driver.
CRITICAL - 2024-10-06 21:32:37 --> ErrorException: Undefined array key "NOAVIS"
[Method: GET, Route: visiteur/voirUnArticle/4]
in APPPATH\Views\visiteur\voirUnArticle.php on line 20.
 1 APPPATH\Views\visiteur\voirUnArticle.php(20): CodeIgniter\Debug\Exceptions->errorHandler(2, 'Undefined array key "NOAVIS"', 'C:\\xampp\\htdocs\\Projet_Training\\BlogPlanete_CI4\\app\\Views\\visiteur\\voirUnArticle.php', 20)
 2 SYSTEMPATH\View\View.php(234): include('C:\\xampp\\htdocs\\Projet_Training\\BlogPlanete_CI4\\app\\Views\\visiteur\\voirUnArticle.php')
 3 SYSTEMPATH\View\View.php(237): CodeIgniter\View\View->CodeIgniter\View\{closure}()
 4 SYSTEMPATH\Common.php(1171): CodeIgniter\View\View->render('visiteur/voirUnArticle', [], true)
 5 APPPATH\Controllers\Visiteur.php(46): view('visiteur/voirUnArticle', [...])
 6 SYSTEMPATH\CodeIgniter.php(933): App\Controllers\Visiteur->voirUnArticle('4')
 7 SYSTEMPATH\CodeIgniter.php(509): CodeIgniter\CodeIgniter->runController(Object(App\Controllers\Visiteur))
 8 SYSTEMPATH\CodeIgniter.php(355): CodeIgniter\CodeIgniter->handleRequest(null, Object(Config\Cache), false)
 9 SYSTEMPATH\Boot.php(325): CodeIgniter\CodeIgniter->run()
10 SYSTEMPATH\Boot.php(67): CodeIgniter\Boot::runCodeIgniter(Object(CodeIgniter\CodeIgniter))
11 FCPATH\index.php(56): CodeIgniter\Boot::bootWeb(Object(Config\Paths))
12 SYSTEMPATH\rewrite.php(44): require_once('C:\\xampp\\htdocs\\Projet_Training\\BlogPlanete_CI4\\public\\index.php')
INFO - 2024-10-06 21:32:39 --> Session: Class initialized using 'CodeIgniter\Session\Handlers\FileHandler' driver.
CRITICAL - 2024-10-06 21:32:39 --> ErrorException: Undefined array key "NOAVIS"
[Method: GET, Route: visiteur/voirUnArticle/4]
in APPPATH\Views\visiteur\voirUnArticle.php on line 20.
 1 APPPATH\Views\visiteur\voirUnArticle.php(20): CodeIgniter\Debug\Exceptions->errorHandler(2, 'Undefined array key "NOAVIS"', 'C:\\xampp\\htdocs\\Projet_Training\\BlogPlanete_CI4\\app\\Views\\visiteur\\voirUnArticle.php', 20)
 2 SYSTEMPATH\View\View.php(234): include('C:\\xampp\\htdocs\\Projet_Training\\BlogPlanete_CI4\\app\\Views\\visiteur\\voirUnArticle.php')
 3 SYSTEMPATH\View\View.php(237): CodeIgniter\View\View->CodeIgniter\View\{closure}()
 4 SYSTEMPATH\Common.php(1171): CodeIgniter\View\View->render('visiteur/voirUnArticle', [], true)
 5 APPPATH\Controllers\Visiteur.php(46): view('visiteur/voirUnArticle', [...])
 6 SYSTEMPATH\CodeIgniter.php(933): App\Controllers\Visiteur->voirUnArticle('4')
 7 SYSTEMPATH\CodeIgniter.php(509): CodeIgniter\CodeIgniter->runController(Object(App\Controllers\Visiteur))
 8 SYSTEMPATH\CodeIgniter.php(355): CodeIgniter\CodeIgniter->handleRequest(null, Object(Config\Cache), false)
 9 SYSTEMPATH\Boot.php(325): CodeIgniter\CodeIgniter->run()
10 SYSTEMPATH\Boot.php(67): CodeIgniter\Boot::runCodeIgniter(Object(CodeIgniter\CodeIgniter))
11 FCPATH\index.php(56): CodeIgniter\Boot::bootWeb(Object(Config\Paths))
12 SYSTEMPATH\rewrite.php(44): require_once('C:\\xampp\\htdocs\\Projet_Training\\BlogPlanete_CI4\\public\\index.php')
INFO - 2024-10-06 21:32:47 --> Session: Class initialized using 'CodeIgniter\Session\Handlers\FileHandler' driver.
CRITICAL - 2024-10-06 21:32:47 --> ErrorException: Undefined array key "NOAVIS"
[Method: GET, Route: visiteur/voirUnArticle/4]
in APPPATH\Views\visiteur\voirUnArticle.php on line 20.
 1 APPPATH\Views\visiteur\voirUnArticle.php(20): CodeIgniter\Debug\Exceptions->errorHandler(2, 'Undefined array key "NOAVIS"', 'C:\\xampp\\htdocs\\Projet_Training\\BlogPlanete_CI4\\app\\Views\\visiteur\\voirUnArticle.php', 20)
 2 SYSTEMPATH\View\View.php(234): include('C:\\xampp\\htdocs\\Projet_Training\\BlogPlanete_CI4\\app\\Views\\visiteur\\voirUnArticle.php')
 3 SYSTEMPATH\View\View.php(237): CodeIgniter\View\View->CodeIgniter\View\{closure}()
 4 SYSTEMPATH\Common.php(1171): CodeIgniter\View\View->render('visiteur/voirUnArticle', [], true)
 5 APPPATH\Controllers\Visiteur.php(45): view('visiteur/voirUnArticle', [...])
 6 SYSTEMPATH\CodeIgniter.php(933): App\Controllers\Visiteur->voirUnArticle('4')
 7 SYSTEMPATH\CodeIgniter.php(509): CodeIgniter\CodeIgniter->runController(Object(App\Controllers\Visiteur))
 8 SYSTEMPATH\CodeIgniter.php(355): CodeIgniter\CodeIgniter->handleRequest(null, Object(Config\Cache), false)
 9 SYSTEMPATH\Boot.php(325): CodeIgniter\CodeIgniter->run()
10 SYSTEMPATH\Boot.php(67): CodeIgniter\Boot::runCodeIgniter(Object(CodeIgniter\CodeIgniter))
11 FCPATH\index.php(56): CodeIgniter\Boot::bootWeb(Object(Config\Paths))
12 SYSTEMPATH\rewrite.php(44): require_once('C:\\xampp\\htdocs\\Projet_Training\\BlogPlanete_CI4\\public\\index.php')
INFO - 2024-10-06 21:34:45 --> Session: Class initialized using 'CodeIgniter\Session\Handlers\FileHandler' driver.
CRITICAL - 2024-10-06 21:34:45 --> ErrorException: Undefined array key "NOAVIS"
[Method: GET, Route: visiteur/voirUnArticle/4]
in APPPATH\Views\visiteur\voirUnArticle.php on line 22.
 1 APPPATH\Views\visiteur\voirUnArticle.php(22): CodeIgniter\Debug\Exceptions->errorHandler(2, 'Undefined array key "NOAVIS"', 'C:\\xampp\\htdocs\\Projet_Training\\BlogPlanete_CI4\\app\\Views\\visiteur\\voirUnArticle.php', 22)
 2 SYSTEMPATH\View\View.php(234): include('C:\\xampp\\htdocs\\Projet_Training\\BlogPlanete_CI4\\app\\Views\\visiteur\\voirUnArticle.php')
 3 SYSTEMPATH\View\View.php(237): CodeIgniter\View\View->CodeIgniter\View\{closure}()
 4 SYSTEMPATH\Common.php(1171): CodeIgniter\View\View->render('visiteur/voirUnArticle', [], true)
 5 APPPATH\Controllers\Visiteur.php(45): view('visiteur/voirUnArticle', [...])
 6 SYSTEMPATH\CodeIgniter.php(933): App\Controllers\Visiteur->voirUnArticle('4')
 7 SYSTEMPATH\CodeIgniter.php(509): CodeIgniter\CodeIgniter->runController(Object(App\Controllers\Visiteur))
 8 SYSTEMPATH\CodeIgniter.php(355): CodeIgniter\CodeIgniter->handleRequest(null, Object(Config\Cache), false)
 9 SYSTEMPATH\Boot.php(325): CodeIgniter\CodeIgniter->run()
10 SYSTEMPATH\Boot.php(67): CodeIgniter\Boot::runCodeIgniter(Object(CodeIgniter\CodeIgniter))
11 FCPATH\index.php(56): CodeIgniter\Boot::bootWeb(Object(Config\Paths))
12 SYSTEMPATH\rewrite.php(44): require_once('C:\\xampp\\htdocs\\Projet_Training\\BlogPlanete_CI4\\public\\index.php')
INFO - 2024-10-06 21:35:11 --> Session: Class initialized using 'CodeIgniter\Session\Handlers\FileHandler' driver.
CRITICAL - 2024-10-06 21:35:11 --> ErrorException: Undefined array key "NOAVIS"
[Method: GET, Route: visiteur/voirUnArticle/4]
in APPPATH\Views\visiteur\voirUnArticle.php on line 22.
 1 APPPATH\Views\visiteur\voirUnArticle.php(22): CodeIgniter\Debug\Exceptions->errorHandler(2, 'Undefined array key "NOAVIS"', 'C:\\xampp\\htdocs\\Projet_Training\\BlogPlanete_CI4\\app\\Views\\visiteur\\voirUnArticle.php', 22)
 2 SYSTEMPATH\View\View.php(234): include('C:\\xampp\\htdocs\\Projet_Training\\BlogPlanete_CI4\\app\\Views\\visiteur\\voirUnArticle.php')
 3 SYSTEMPATH\View\View.php(237): CodeIgniter\View\View->CodeIgniter\View\{closure}()
 4 SYSTEMPATH\Common.php(1171): CodeIgniter\View\View->render('visiteur/voirUnArticle', [], true)
 5 APPPATH\Controllers\Visiteur.php(45): view('visiteur/voirUnArticle', [...])
 6 SYSTEMPATH\CodeIgniter.php(933): App\Controllers\Visiteur->voirUnArticle('4')
 7 SYSTEMPATH\CodeIgniter.php(509): CodeIgniter\CodeIgniter->runController(Object(App\Controllers\Visiteur))
 8 SYSTEMPATH\CodeIgniter.php(355): CodeIgniter\CodeIgniter->handleRequest(null, Object(Config\Cache), false)
 9 SYSTEMPATH\Boot.php(325): CodeIgniter\CodeIgniter->run()
10 SYSTEMPATH\Boot.php(67): CodeIgniter\Boot::runCodeIgniter(Object(CodeIgniter\CodeIgniter))
11 FCPATH\index.php(56): CodeIgniter\Boot::bootWeb(Object(Config\Paths))
12 SYSTEMPATH\rewrite.php(44): require_once('C:\\xampp\\htdocs\\Projet_Training\\BlogPlanete_CI4\\public\\index.php')
INFO - 2024-10-06 21:35:20 --> Session: Class initialized using 'CodeIgniter\Session\Handlers\FileHandler' driver.
CRITICAL - 2024-10-06 21:35:20 --> ErrorException: Undefined array key "NOAVIS"
[Method: GET, Route: visiteur/voirUnArticle/4]
in APPPATH\Views\visiteur\voirUnArticle.php on line 22.
 1 APPPATH\Views\visiteur\voirUnArticle.php(22): CodeIgniter\Debug\Exceptions->errorHandler(2, 'Undefined array key "NOAVIS"', 'C:\\xampp\\htdocs\\Projet_Training\\BlogPlanete_CI4\\app\\Views\\visiteur\\voirUnArticle.php', 22)
 2 SYSTEMPATH\View\View.php(234): include('C:\\xampp\\htdocs\\Projet_Training\\BlogPlanete_CI4\\app\\Views\\visiteur\\voirUnArticle.php')
 3 SYSTEMPATH\View\View.php(237): CodeIgniter\View\View->CodeIgniter\View\{closure}()
 4 SYSTEMPATH\Common.php(1171): CodeIgniter\View\View->render('visiteur/voirUnArticle', [], true)
 5 APPPATH\Controllers\Visiteur.php(45): view('visiteur/voirUnArticle', [...])
 6 SYSTEMPATH\CodeIgniter.php(933): App\Controllers\Visiteur->voirUnArticle('4')
 7 SYSTEMPATH\CodeIgniter.php(509): CodeIgniter\CodeIgniter->runController(Object(App\Controllers\Visiteur))
 8 SYSTEMPATH\CodeIgniter.php(355): CodeIgniter\CodeIgniter->handleRequest(null, Object(Config\Cache), false)
 9 SYSTEMPATH\Boot.php(325): CodeIgniter\CodeIgniter->run()
10 SYSTEMPATH\Boot.php(67): CodeIgniter\Boot::runCodeIgniter(Object(CodeIgniter\CodeIgniter))
11 FCPATH\index.php(56): CodeIgniter\Boot::bootWeb(Object(Config\Paths))
12 SYSTEMPATH\rewrite.php(44): require_once('C:\\xampp\\htdocs\\Projet_Training\\BlogPlanete_CI4\\public\\index.php')
INFO - 2024-10-06 21:35:29 --> Session: Class initialized using 'CodeIgniter\Session\Handlers\FileHandler' driver.
INFO - 2024-10-06 21:35:33 --> Session: Class initialized using 'CodeIgniter\Session\Handlers\FileHandler' driver.
INFO - 2024-10-06 21:35:34 --> Session: Class initialized using 'CodeIgniter\Session\Handlers\FileHandler' driver.
INFO - 2024-10-06 21:35:36 --> Session: Class initialized using 'CodeIgniter\Session\Handlers\FileHandler' driver.
