INFO - 2024-10-05 13:31:11 --> Session: Class initialized using 'CodeIgniter\Session\Handlers\FileHandler' driver.
INFO - 2024-10-05 13:43:49 --> Session: Class initialized using 'CodeIgniter\Session\Handlers\FileHandler' driver.
INFO - 2024-10-05 13:44:10 --> Session: Class initialized using 'CodeIgniter\Session\Handlers\FileHandler' driver.
INFO - 2024-10-05 13:44:12 --> Session: Class initialized using 'CodeIgniter\Session\Handlers\FileHandler' driver.
INFO - 2024-10-05 13:44:20 --> Session: Class initialized using 'CodeIgniter\Session\Handlers\FileHandler' driver.
INFO - 2024-10-05 13:44:22 --> Session: Class initialized using 'CodeIgniter\Session\Handlers\FileHandler' driver.
INFO - 2024-10-05 13:44:25 --> Session: Class initialized using 'CodeIgniter\Session\Handlers\FileHandler' driver.
INFO - 2024-10-05 13:44:27 --> Session: Class initialized using 'CodeIgniter\Session\Handlers\FileHandler' driver.
INFO - 2024-10-05 13:44:30 --> Session: Class initialized using 'CodeIgniter\Session\Handlers\FileHandler' driver.
INFO - 2024-10-05 13:44:33 --> Session: Class initialized using 'CodeIgniter\Session\Handlers\FileHandler' driver.
INFO - 2024-10-05 13:44:35 --> Session: Class initialized using 'CodeIgniter\Session\Handlers\FileHandler' driver.
INFO - 2024-10-05 13:44:37 --> Session: Class initialized using 'CodeIgniter\Session\Handlers\FileHandler' driver.
INFO - 2024-10-05 13:46:03 --> Session: Class initialized using 'CodeIgniter\Session\Handlers\FileHandler' driver.
CRITICAL - 2024-10-05 13:46:03 --> ErrorException: Trying to access array offset on value of type null
[Method: POST, Route: administrateur/ajouterUnAvis]
in APPPATH\Controllers\Administrateur.php on line 112.
 1 APPPATH\Controllers\Administrateur.php(112): CodeIgniter\Debug\Exceptions->errorHandler(2, 'Trying to access array offset on value of type null', 'C:\\xampp\\htdocs\\Projet_Training\\BlogPlanete_CI4\\app\\Controllers\\Administrateur.php', 112)
 2 SYSTEMPATH\CodeIgniter.php(933): App\Controllers\Administrateur->ajouterUnAvis()
 3 SYSTEMPATH\CodeIgniter.php(509): CodeIgniter\CodeIgniter->runController(Object(App\Controllers\Administrateur))
 4 SYSTEMPATH\CodeIgniter.php(355): CodeIgniter\CodeIgniter->handleRequest(null, Object(Config\Cache), false)
 5 SYSTEMPATH\Boot.php(325): CodeIgniter\CodeIgniter->run()
 6 SYSTEMPATH\Boot.php(67): CodeIgniter\Boot::runCodeIgniter(Object(CodeIgniter\CodeIgniter))
 7 FCPATH\index.php(56): CodeIgniter\Boot::bootWeb(Object(Config\Paths))
 8 SYSTEMPATH\rewrite.php(44): require_once('C:\\xampp\\htdocs\\Projet_Training\\BlogPlanete_CI4\\public\\index.php')
INFO - 2024-10-05 13:47:29 --> Session: Class initialized using 'CodeIgniter\Session\Handlers\FileHandler' driver.
INFO - 2024-10-05 13:47:39 --> Session: Class initialized using 'CodeIgniter\Session\Handlers\FileHandler' driver.
CRITICAL - 2024-10-05 13:47:54 --> ArgumentCountError: Too few arguments to function App\Controllers\Administrateur::ajouterUnAvis(), 0 passed in C:\xampp\htdocs\Projet_Training\BlogPlanete_CI4\system\CodeIgniter.php on line 933 and exactly 1 expected
[Method: POST, Route: administrateur/ajouterUnAvis]
in APPPATH\Controllers\Administrateur.php on line 101.
 1 SYSTEMPATH\CodeIgniter.php(933): App\Controllers\Administrateur->ajouterUnAvis()
 2 SYSTEMPATH\CodeIgniter.php(509): CodeIgniter\CodeIgniter->runController(Object(App\Controllers\Administrateur))
 3 SYSTEMPATH\CodeIgniter.php(355): CodeIgniter\CodeIgniter->handleRequest(null, Object(Config\Cache), false)
 4 SYSTEMPATH\Boot.php(325): CodeIgniter\CodeIgniter->run()
 5 SYSTEMPATH\Boot.php(67): CodeIgniter\Boot::runCodeIgniter(Object(CodeIgniter\CodeIgniter))
 6 FCPATH\index.php(56): CodeIgniter\Boot::bootWeb(Object(Config\Paths))
 7 SYSTEMPATH\rewrite.php(44): require_once('C:\\xampp\\htdocs\\Projet_Training\\BlogPlanete_CI4\\public\\index.php')
INFO - 2024-10-05 13:49:39 --> Session: Class initialized using 'CodeIgniter\Session\Handlers\FileHandler' driver.
INFO - 2024-10-05 13:49:42 --> Session: Class initialized using 'CodeIgniter\Session\Handlers\FileHandler' driver.
CRITICAL - 2024-10-05 13:49:42 --> ErrorException: Trying to access array offset on value of type null
[Method: GET, Route: administrateur/ajouterUnAvis/4]
in APPPATH\Controllers\Administrateur.php on line 113.
 1 APPPATH\Controllers\Administrateur.php(113): CodeIgniter\Debug\Exceptions->errorHandler(2, 'Trying to access array offset on value of type null', 'C:\\xampp\\htdocs\\Projet_Training\\BlogPlanete_CI4\\app\\Controllers\\Administrateur.php', 113)
 2 SYSTEMPATH\CodeIgniter.php(933): App\Controllers\Administrateur->ajouterUnAvis('4')
 3 SYSTEMPATH\CodeIgniter.php(509): CodeIgniter\CodeIgniter->runController(Object(App\Controllers\Administrateur))
 4 SYSTEMPATH\CodeIgniter.php(355): CodeIgniter\CodeIgniter->handleRequest(null, Object(Config\Cache), false)
 5 SYSTEMPATH\Boot.php(325): CodeIgniter\CodeIgniter->run()
 6 SYSTEMPATH\Boot.php(67): CodeIgniter\Boot::runCodeIgniter(Object(CodeIgniter\CodeIgniter))
 7 FCPATH\index.php(56): CodeIgniter\Boot::bootWeb(Object(Config\Paths))
 8 SYSTEMPATH\rewrite.php(44): require_once('C:\\xampp\\htdocs\\Projet_Training\\BlogPlanete_CI4\\public\\index.php')
INFO - 2024-10-05 13:50:11 --> Session: Class initialized using 'CodeIgniter\Session\Handlers\FileHandler' driver.
CRITICAL - 2024-10-05 13:50:11 --> ErrorException: Undefined array key "TITRE"
[Method: GET, Route: administrateur/ajouterUnAvis/4]
in APPPATH\Controllers\Administrateur.php on line 113.
 1 APPPATH\Controllers\Administrateur.php(113): CodeIgniter\Debug\Exceptions->errorHandler(2, 'Undefined array key "TITRE"', 'C:\\xampp\\htdocs\\Projet_Training\\BlogPlanete_CI4\\app\\Controllers\\Administrateur.php', 113)
 2 SYSTEMPATH\CodeIgniter.php(933): App\Controllers\Administrateur->ajouterUnAvis('4')
 3 SYSTEMPATH\CodeIgniter.php(509): CodeIgniter\CodeIgniter->runController(Object(App\Controllers\Administrateur))
 4 SYSTEMPATH\CodeIgniter.php(355): CodeIgniter\CodeIgniter->handleRequest(null, Object(Config\Cache), false)
 5 SYSTEMPATH\Boot.php(325): CodeIgniter\CodeIgniter->run()
 6 SYSTEMPATH\Boot.php(67): CodeIgniter\Boot::runCodeIgniter(Object(CodeIgniter\CodeIgniter))
 7 FCPATH\index.php(56): CodeIgniter\Boot::bootWeb(Object(Config\Paths))
 8 SYSTEMPATH\rewrite.php(44): require_once('C:\\xampp\\htdocs\\Projet_Training\\BlogPlanete_CI4\\public\\index.php')
INFO - 2024-10-05 13:50:24 --> Session: Class initialized using 'CodeIgniter\Session\Handlers\FileHandler' driver.
CRITICAL - 2024-10-05 13:50:24 --> ErrorException: Trying to access array offset on value of type null
[Method: GET, Route: administrateur/ajouterUnAvis/4]
in APPPATH\Controllers\Administrateur.php on line 113.
 1 APPPATH\Controllers\Administrateur.php(113): CodeIgniter\Debug\Exceptions->errorHandler(2, 'Trying to access array offset on value of type null', 'C:\\xampp\\htdocs\\Projet_Training\\BlogPlanete_CI4\\app\\Controllers\\Administrateur.php', 113)
 2 SYSTEMPATH\CodeIgniter.php(933): App\Controllers\Administrateur->ajouterUnAvis('4')
 3 SYSTEMPATH\CodeIgniter.php(509): CodeIgniter\CodeIgniter->runController(Object(App\Controllers\Administrateur))
 4 SYSTEMPATH\CodeIgniter.php(355): CodeIgniter\CodeIgniter->handleRequest(null, Object(Config\Cache), false)
 5 SYSTEMPATH\Boot.php(325): CodeIgniter\CodeIgniter->run()
 6 SYSTEMPATH\Boot.php(67): CodeIgniter\Boot::runCodeIgniter(Object(CodeIgniter\CodeIgniter))
 7 FCPATH\index.php(56): CodeIgniter\Boot::bootWeb(Object(Config\Paths))
 8 SYSTEMPATH\rewrite.php(44): require_once('C:\\xampp\\htdocs\\Projet_Training\\BlogPlanete_CI4\\public\\index.php')
INFO - 2024-10-05 13:50:34 --> Session: Class initialized using 'CodeIgniter\Session\Handlers\FileHandler' driver.
CRITICAL - 2024-10-05 13:50:34 --> ErrorException: Undefined array key "TITRE"
[Method: GET, Route: administrateur/ajouterUnAvis/4]
in APPPATH\Controllers\Administrateur.php on line 113.
 1 APPPATH\Controllers\Administrateur.php(113): CodeIgniter\Debug\Exceptions->errorHandler(2, 'Undefined array key "TITRE"', 'C:\\xampp\\htdocs\\Projet_Training\\BlogPlanete_CI4\\app\\Controllers\\Administrateur.php', 113)
 2 SYSTEMPATH\CodeIgniter.php(933): App\Controllers\Administrateur->ajouterUnAvis('4')
 3 SYSTEMPATH\CodeIgniter.php(509): CodeIgniter\CodeIgniter->runController(Object(App\Controllers\Administrateur))
 4 SYSTEMPATH\CodeIgniter.php(355): CodeIgniter\CodeIgniter->handleRequest(null, Object(Config\Cache), false)
 5 SYSTEMPATH\Boot.php(325): CodeIgniter\CodeIgniter->run()
 6 SYSTEMPATH\Boot.php(67): CodeIgniter\Boot::runCodeIgniter(Object(CodeIgniter\CodeIgniter))
 7 FCPATH\index.php(56): CodeIgniter\Boot::bootWeb(Object(Config\Paths))
 8 SYSTEMPATH\rewrite.php(44): require_once('C:\\xampp\\htdocs\\Projet_Training\\BlogPlanete_CI4\\public\\index.php')
INFO - 2024-10-05 13:51:40 --> Session: Class initialized using 'CodeIgniter\Session\Handlers\FileHandler' driver.
INFO - 2024-10-05 13:51:56 --> Session: Class initialized using 'CodeIgniter\Session\Handlers\FileHandler' driver.
CRITICAL - 2024-10-05 13:51:56 --> TypeError: preg_match_all(): Argument #2 ($subject) must be of type string, CodeIgniter\Session\Session given
[Method: POST, Route: administrateur/ajouterUnAvis]
in SYSTEMPATH\HTTP\RequestTrait.php on line 293.
 1 SYSTEMPATH\HTTP\RequestTrait.php(293): preg_match_all('/(?:^[^\\[]+)|\\[[^]]*\\]/', Object(CodeIgniter\Session\Session), null)
 2 SYSTEMPATH\HTTP\IncomingRequest.php(714): CodeIgniter\HTTP\Request->fetchGlobal('post', Object(CodeIgniter\Session\Session), 516, 0)
 3 APPPATH\Controllers\Administrateur.php(134): CodeIgniter\HTTP\IncomingRequest->getPost(Object(CodeIgniter\Session\Session))
 4 SYSTEMPATH\CodeIgniter.php(933): App\Controllers\Administrateur->ajouterUnAvis()
 5 SYSTEMPATH\CodeIgniter.php(509): CodeIgniter\CodeIgniter->runController(Object(App\Controllers\Administrateur))
 6 SYSTEMPATH\CodeIgniter.php(355): CodeIgniter\CodeIgniter->handleRequest(null, Object(Config\Cache), false)
 7 SYSTEMPATH\Boot.php(325): CodeIgniter\CodeIgniter->run()
 8 SYSTEMPATH\Boot.php(67): CodeIgniter\Boot::runCodeIgniter(Object(CodeIgniter\CodeIgniter))
 9 FCPATH\index.php(56): CodeIgniter\Boot::bootWeb(Object(Config\Paths))
10 SYSTEMPATH\rewrite.php(44): require_once('C:\\xampp\\htdocs\\Projet_Training\\BlogPlanete_CI4\\public\\index.php')
INFO - 2024-10-05 14:08:31 --> Session: Class initialized using 'CodeIgniter\Session\Handlers\FileHandler' driver.
INFO - 2024-10-05 14:09:02 --> Session: Class initialized using 'CodeIgniter\Session\Handlers\FileHandler' driver.
ERROR - 2024-10-05 14:09:02 --> mysqli_sql_exception: Column 'NOUTILISATEUR' cannot be null in C:\xampp\htdocs\Projet_Training\BlogPlanete_CI4\system\Database\MySQLi\Connection.php:312
Stack trace:
#0 C:\xampp\htdocs\Projet_Training\BlogPlanete_CI4\system\Database\MySQLi\Connection.php(312): mysqli->query('INSERT INTO `av...', 0)
#1 C:\xampp\htdocs\Projet_Training\BlogPlanete_CI4\system\Database\BaseConnection.php(734): CodeIgniter\Database\MySQLi\Connection->execute('INSERT INTO `av...')
#2 C:\xampp\htdocs\Projet_Training\BlogPlanete_CI4\system\Database\BaseConnection.php(648): CodeIgniter\Database\BaseConnection->simpleQuery('INSERT INTO `av...')
#3 C:\xampp\htdocs\Projet_Training\BlogPlanete_CI4\system\Database\BaseBuilder.php(2340): CodeIgniter\Database\BaseConnection->query('INSERT INTO `av...', Array, false)
#4 C:\xampp\htdocs\Projet_Training\BlogPlanete_CI4\system\Model.php(394): CodeIgniter\Database\BaseBuilder->insert()
#5 C:\xampp\htdocs\Projet_Training\BlogPlanete_CI4\system\BaseModel.php(840): CodeIgniter\Model->doInsert(Array)
#6 C:\xampp\htdocs\Projet_Training\BlogPlanete_CI4\system\Model.php(802): CodeIgniter\BaseModel->insert(Array, false)
#7 C:\xampp\htdocs\Projet_Training\BlogPlanete_CI4\system\BaseModel.php(751): CodeIgniter\Model->insert(Array, false)
#8 C:\xampp\htdocs\Projet_Training\BlogPlanete_CI4\app\Controllers\Administrateur.php(139): CodeIgniter\BaseModel->save(Array)
#9 C:\xampp\htdocs\Projet_Training\BlogPlanete_CI4\system\CodeIgniter.php(933): App\Controllers\Administrateur->ajouterUnAvis()
#10 C:\xampp\htdocs\Projet_Training\BlogPlanete_CI4\system\CodeIgniter.php(509): CodeIgniter\CodeIgniter->runController(Object(App\Controllers\Administrateur))
#11 C:\xampp\htdocs\Projet_Training\BlogPlanete_CI4\system\CodeIgniter.php(355): CodeIgniter\CodeIgniter->handleRequest(NULL, Object(Config\Cache), false)
#12 C:\xampp\htdocs\Projet_Training\BlogPlanete_CI4\system\Boot.php(325): CodeIgniter\CodeIgniter->run()
#13 C:\xampp\htdocs\Projet_Training\BlogPlanete_CI4\system\Boot.php(67): CodeIgniter\Boot::runCodeIgniter(Object(CodeIgniter\CodeIgniter))
#14 C:\xampp\htdocs\Projet_Training\BlogPlanete_CI4\public\index.php(56): CodeIgniter\Boot::bootWeb(Object(Config\Paths))
#15 C:\xampp\htdocs\Projet_Training\BlogPlanete_CI4\system\rewrite.php(44): require_once('C:\\xampp\\htdocs...')
#16 {main}
CRITICAL - 2024-10-05 14:09:02 --> CodeIgniter\Database\Exceptions\DatabaseException: Column 'NOUTILISATEUR' cannot be null
[Method: POST, Route: administrateur/ajouterUnAvis]
in SYSTEMPATH\Database\BaseConnection.php on line 688.
 1 SYSTEMPATH\Database\BaseBuilder.php(2340): CodeIgniter\Database\BaseConnection->query('INSERT INTO `avis` (`NOUTILISATEUR`, `TITRE`, `CONTENU`) VALUES (:NOUTILISATEUR:, :TITRE:, :CONTENU:)', [...], false)
 2 SYSTEMPATH\Model.php(394): CodeIgniter\Database\BaseBuilder->insert()
 3 SYSTEMPATH\BaseModel.php(840): CodeIgniter\Model->doInsert([...])
 4 SYSTEMPATH\Model.php(802): CodeIgniter\BaseModel->insert([...], false)
 5 SYSTEMPATH\BaseModel.php(751): CodeIgniter\Model->insert([...], false)
 6 APPPATH\Controllers\Administrateur.php(139): CodeIgniter\BaseModel->save([...])
 7 SYSTEMPATH\CodeIgniter.php(933): App\Controllers\Administrateur->ajouterUnAvis()
 8 SYSTEMPATH\CodeIgniter.php(509): CodeIgniter\CodeIgniter->runController(Object(App\Controllers\Administrateur))
 9 SYSTEMPATH\CodeIgniter.php(355): CodeIgniter\CodeIgniter->handleRequest(null, Object(Config\Cache), false)
10 SYSTEMPATH\Boot.php(325): CodeIgniter\CodeIgniter->run()
11 SYSTEMPATH\Boot.php(67): CodeIgniter\Boot::runCodeIgniter(Object(CodeIgniter\CodeIgniter))
12 FCPATH\index.php(56): CodeIgniter\Boot::bootWeb(Object(Config\Paths))
13 SYSTEMPATH\rewrite.php(44): require_once('C:\\xampp\\htdocs\\Projet_Training\\BlogPlanete_CI4\\public\\index.php')
CRITICAL - 2024-10-05 14:09:02 --> [Caused by] CodeIgniter\Database\Exceptions\DatabaseException: Column 'NOUTILISATEUR' cannot be null
in SYSTEMPATH\Database\MySQLi\Connection.php on line 317.
 1 SYSTEMPATH\Database\BaseConnection.php(734): CodeIgniter\Database\MySQLi\Connection->execute('INSERT INTO `avis` (`NOUTILISATEUR`, `TITRE`, `CONTENU`) VALUES (NULL, \'test\', \'test\')')
 2 SYSTEMPATH\Database\BaseConnection.php(648): CodeIgniter\Database\BaseConnection->simpleQuery('INSERT INTO `avis` (`NOUTILISATEUR`, `TITRE`, `CONTENU`) VALUES (NULL, \'test\', \'test\')')
 3 SYSTEMPATH\Database\BaseBuilder.php(2340): CodeIgniter\Database\BaseConnection->query('INSERT INTO `avis` (`NOUTILISATEUR`, `TITRE`, `CONTENU`) VALUES (:NOUTILISATEUR:, :TITRE:, :CONTENU:)', [...], false)
 4 SYSTEMPATH\Model.php(394): CodeIgniter\Database\BaseBuilder->insert()
 5 SYSTEMPATH\BaseModel.php(840): CodeIgniter\Model->doInsert([...])
 6 SYSTEMPATH\Model.php(802): CodeIgniter\BaseModel->insert([...], false)
 7 SYSTEMPATH\BaseModel.php(751): CodeIgniter\Model->insert([...], false)
 8 APPPATH\Controllers\Administrateur.php(139): CodeIgniter\BaseModel->save([...])
 9 SYSTEMPATH\CodeIgniter.php(933): App\Controllers\Administrateur->ajouterUnAvis()
10 SYSTEMPATH\CodeIgniter.php(509): CodeIgniter\CodeIgniter->runController(Object(App\Controllers\Administrateur))
11 SYSTEMPATH\CodeIgniter.php(355): CodeIgniter\CodeIgniter->handleRequest(null, Object(Config\Cache), false)
12 SYSTEMPATH\Boot.php(325): CodeIgniter\CodeIgniter->run()
13 SYSTEMPATH\Boot.php(67): CodeIgniter\Boot::runCodeIgniter(Object(CodeIgniter\CodeIgniter))
14 FCPATH\index.php(56): CodeIgniter\Boot::bootWeb(Object(Config\Paths))
15 SYSTEMPATH\rewrite.php(44): require_once('C:\\xampp\\htdocs\\Projet_Training\\BlogPlanete_CI4\\public\\index.php')
CRITICAL - 2024-10-05 14:09:02 --> [Caused by] mysqli_sql_exception: Column 'NOUTILISATEUR' cannot be null
in SYSTEMPATH\Database\MySQLi\Connection.php on line 312.
 1 SYSTEMPATH\Database\MySQLi\Connection.php(312): mysqli->query('INSERT INTO `avis` (`NOUTILISATEUR`, `TITRE`, `CONTENU`) VALUES (NULL, \'test\', \'test\')', 0)
 2 SYSTEMPATH\Database\BaseConnection.php(734): CodeIgniter\Database\MySQLi\Connection->execute('INSERT INTO `avis` (`NOUTILISATEUR`, `TITRE`, `CONTENU`) VALUES (NULL, \'test\', \'test\')')
 3 SYSTEMPATH\Database\BaseConnection.php(648): CodeIgniter\Database\BaseConnection->simpleQuery('INSERT INTO `avis` (`NOUTILISATEUR`, `TITRE`, `CONTENU`) VALUES (NULL, \'test\', \'test\')')
 4 SYSTEMPATH\Database\BaseBuilder.php(2340): CodeIgniter\Database\BaseConnection->query('INSERT INTO `avis` (`NOUTILISATEUR`, `TITRE`, `CONTENU`) VALUES (:NOUTILISATEUR:, :TITRE:, :CONTENU:)', [...], false)
 5 SYSTEMPATH\Model.php(394): CodeIgniter\Database\BaseBuilder->insert()
 6 SYSTEMPATH\BaseModel.php(840): CodeIgniter\Model->doInsert([...])
 7 SYSTEMPATH\Model.php(802): CodeIgniter\BaseModel->insert([...], false)
 8 SYSTEMPATH\BaseModel.php(751): CodeIgniter\Model->insert([...], false)
 9 APPPATH\Controllers\Administrateur.php(139): CodeIgniter\BaseModel->save([...])
10 SYSTEMPATH\CodeIgniter.php(933): App\Controllers\Administrateur->ajouterUnAvis()
11 SYSTEMPATH\CodeIgniter.php(509): CodeIgniter\CodeIgniter->runController(Object(App\Controllers\Administrateur))
12 SYSTEMPATH\CodeIgniter.php(355): CodeIgniter\CodeIgniter->handleRequest(null, Object(Config\Cache), false)
13 SYSTEMPATH\Boot.php(325): CodeIgniter\CodeIgniter->run()
14 SYSTEMPATH\Boot.php(67): CodeIgniter\Boot::runCodeIgniter(Object(CodeIgniter\CodeIgniter))
15 FCPATH\index.php(56): CodeIgniter\Boot::bootWeb(Object(Config\Paths))
16 SYSTEMPATH\rewrite.php(44): require_once('C:\\xampp\\htdocs\\Projet_Training\\BlogPlanete_CI4\\public\\index.php')
INFO - 2024-10-05 14:09:14 --> Session: Class initialized using 'CodeIgniter\Session\Handlers\FileHandler' driver.
INFO - 2024-10-05 14:12:06 --> Session: Class initialized using 'CodeIgniter\Session\Handlers\FileHandler' driver.
INFO - 2024-10-05 14:13:07 --> Session: Class initialized using 'CodeIgniter\Session\Handlers\FileHandler' driver.
INFO - 2024-10-05 14:13:23 --> Session: Class initialized using 'CodeIgniter\Session\Handlers\FileHandler' driver.
ERROR - 2024-10-05 14:13:23 --> mysqli_sql_exception: Column 'NOUTILISATEUR' cannot be null in C:\xampp\htdocs\Projet_Training\BlogPlanete_CI4\system\Database\MySQLi\Connection.php:312
Stack trace:
#0 C:\xampp\htdocs\Projet_Training\BlogPlanete_CI4\system\Database\MySQLi\Connection.php(312): mysqli->query('INSERT INTO `av...', 0)
#1 C:\xampp\htdocs\Projet_Training\BlogPlanete_CI4\system\Database\BaseConnection.php(734): CodeIgniter\Database\MySQLi\Connection->execute('INSERT INTO `av...')
#2 C:\xampp\htdocs\Projet_Training\BlogPlanete_CI4\system\Database\BaseConnection.php(648): CodeIgniter\Database\BaseConnection->simpleQuery('INSERT INTO `av...')
#3 C:\xampp\htdocs\Projet_Training\BlogPlanete_CI4\system\Database\BaseBuilder.php(2340): CodeIgniter\Database\BaseConnection->query('INSERT INTO `av...', Array, false)
#4 C:\xampp\htdocs\Projet_Training\BlogPlanete_CI4\system\Model.php(394): CodeIgniter\Database\BaseBuilder->insert()
#5 C:\xampp\htdocs\Projet_Training\BlogPlanete_CI4\system\BaseModel.php(840): CodeIgniter\Model->doInsert(Array)
#6 C:\xampp\htdocs\Projet_Training\BlogPlanete_CI4\system\Model.php(802): CodeIgniter\BaseModel->insert(Array, false)
#7 C:\xampp\htdocs\Projet_Training\BlogPlanete_CI4\system\BaseModel.php(751): CodeIgniter\Model->insert(Array, false)
#8 C:\xampp\htdocs\Projet_Training\BlogPlanete_CI4\app\Controllers\Administrateur.php(145): CodeIgniter\BaseModel->save(Array)
#9 C:\xampp\htdocs\Projet_Training\BlogPlanete_CI4\system\CodeIgniter.php(933): App\Controllers\Administrateur->ajouterUnAvis()
#10 C:\xampp\htdocs\Projet_Training\BlogPlanete_CI4\system\CodeIgniter.php(509): CodeIgniter\CodeIgniter->runController(Object(App\Controllers\Administrateur))
#11 C:\xampp\htdocs\Projet_Training\BlogPlanete_CI4\system\CodeIgniter.php(355): CodeIgniter\CodeIgniter->handleRequest(NULL, Object(Config\Cache), false)
#12 C:\xampp\htdocs\Projet_Training\BlogPlanete_CI4\system\Boot.php(325): CodeIgniter\CodeIgniter->run()
#13 C:\xampp\htdocs\Projet_Training\BlogPlanete_CI4\system\Boot.php(67): CodeIgniter\Boot::runCodeIgniter(Object(CodeIgniter\CodeIgniter))
#14 C:\xampp\htdocs\Projet_Training\BlogPlanete_CI4\public\index.php(56): CodeIgniter\Boot::bootWeb(Object(Config\Paths))
#15 C:\xampp\htdocs\Projet_Training\BlogPlanete_CI4\system\rewrite.php(44): require_once('C:\\xampp\\htdocs...')
#16 {main}
CRITICAL - 2024-10-05 14:13:23 --> CodeIgniter\Database\Exceptions\DatabaseException: Column 'NOUTILISATEUR' cannot be null
[Method: POST, Route: administrateur/ajouterUnAvis]
in SYSTEMPATH\Database\BaseConnection.php on line 688.
 1 SYSTEMPATH\Database\BaseBuilder.php(2340): CodeIgniter\Database\BaseConnection->query('INSERT INTO `avis` (`NOUTILISATEUR`, `TITRE`, `CONTENU`) VALUES (:NOUTILISATEUR:, :TITRE:, :CONTENU:)', [...], false)
 2 SYSTEMPATH\Model.php(394): CodeIgniter\Database\BaseBuilder->insert()
 3 SYSTEMPATH\BaseModel.php(840): CodeIgniter\Model->doInsert([...])
 4 SYSTEMPATH\Model.php(802): CodeIgniter\BaseModel->insert([...], false)
 5 SYSTEMPATH\BaseModel.php(751): CodeIgniter\Model->insert([...], false)
 6 APPPATH\Controllers\Administrateur.php(145): CodeIgniter\BaseModel->save([...])
 7 SYSTEMPATH\CodeIgniter.php(933): App\Controllers\Administrateur->ajouterUnAvis()
 8 SYSTEMPATH\CodeIgniter.php(509): CodeIgniter\CodeIgniter->runController(Object(App\Controllers\Administrateur))
 9 SYSTEMPATH\CodeIgniter.php(355): CodeIgniter\CodeIgniter->handleRequest(null, Object(Config\Cache), false)
10 SYSTEMPATH\Boot.php(325): CodeIgniter\CodeIgniter->run()
11 SYSTEMPATH\Boot.php(67): CodeIgniter\Boot::runCodeIgniter(Object(CodeIgniter\CodeIgniter))
12 FCPATH\index.php(56): CodeIgniter\Boot::bootWeb(Object(Config\Paths))
13 SYSTEMPATH\rewrite.php(44): require_once('C:\\xampp\\htdocs\\Projet_Training\\BlogPlanete_CI4\\public\\index.php')
CRITICAL - 2024-10-05 14:13:23 --> [Caused by] CodeIgniter\Database\Exceptions\DatabaseException: Column 'NOUTILISATEUR' cannot be null
in SYSTEMPATH\Database\MySQLi\Connection.php on line 317.
 1 SYSTEMPATH\Database\BaseConnection.php(734): CodeIgniter\Database\MySQLi\Connection->execute('INSERT INTO `avis` (`NOUTILISATEUR`, `TITRE`, `CONTENU`) VALUES (NULL, \'test\', \'test\')')
 2 SYSTEMPATH\Database\BaseConnection.php(648): CodeIgniter\Database\BaseConnection->simpleQuery('INSERT INTO `avis` (`NOUTILISATEUR`, `TITRE`, `CONTENU`) VALUES (NULL, \'test\', \'test\')')
 3 SYSTEMPATH\Database\BaseBuilder.php(2340): CodeIgniter\Database\BaseConnection->query('INSERT INTO `avis` (`NOUTILISATEUR`, `TITRE`, `CONTENU`) VALUES (:NOUTILISATEUR:, :TITRE:, :CONTENU:)', [...], false)
 4 SYSTEMPATH\Model.php(394): CodeIgniter\Database\BaseBuilder->insert()
 5 SYSTEMPATH\BaseModel.php(840): CodeIgniter\Model->doInsert([...])
 6 SYSTEMPATH\Model.php(802): CodeIgniter\BaseModel->insert([...], false)
 7 SYSTEMPATH\BaseModel.php(751): CodeIgniter\Model->insert([...], false)
 8 APPPATH\Controllers\Administrateur.php(145): CodeIgniter\BaseModel->save([...])
 9 SYSTEMPATH\CodeIgniter.php(933): App\Controllers\Administrateur->ajouterUnAvis()
10 SYSTEMPATH\CodeIgniter.php(509): CodeIgniter\CodeIgniter->runController(Object(App\Controllers\Administrateur))
11 SYSTEMPATH\CodeIgniter.php(355): CodeIgniter\CodeIgniter->handleRequest(null, Object(Config\Cache), false)
12 SYSTEMPATH\Boot.php(325): CodeIgniter\CodeIgniter->run()
13 SYSTEMPATH\Boot.php(67): CodeIgniter\Boot::runCodeIgniter(Object(CodeIgniter\CodeIgniter))
14 FCPATH\index.php(56): CodeIgniter\Boot::bootWeb(Object(Config\Paths))
15 SYSTEMPATH\rewrite.php(44): require_once('C:\\xampp\\htdocs\\Projet_Training\\BlogPlanete_CI4\\public\\index.php')
CRITICAL - 2024-10-05 14:13:23 --> [Caused by] mysqli_sql_exception: Column 'NOUTILISATEUR' cannot be null
in SYSTEMPATH\Database\MySQLi\Connection.php on line 312.
 1 SYSTEMPATH\Database\MySQLi\Connection.php(312): mysqli->query('INSERT INTO `avis` (`NOUTILISATEUR`, `TITRE`, `CONTENU`) VALUES (NULL, \'test\', \'test\')', 0)
 2 SYSTEMPATH\Database\BaseConnection.php(734): CodeIgniter\Database\MySQLi\Connection->execute('INSERT INTO `avis` (`NOUTILISATEUR`, `TITRE`, `CONTENU`) VALUES (NULL, \'test\', \'test\')')
 3 SYSTEMPATH\Database\BaseConnection.php(648): CodeIgniter\Database\BaseConnection->simpleQuery('INSERT INTO `avis` (`NOUTILISATEUR`, `TITRE`, `CONTENU`) VALUES (NULL, \'test\', \'test\')')
 4 SYSTEMPATH\Database\BaseBuilder.php(2340): CodeIgniter\Database\BaseConnection->query('INSERT INTO `avis` (`NOUTILISATEUR`, `TITRE`, `CONTENU`) VALUES (:NOUTILISATEUR:, :TITRE:, :CONTENU:)', [...], false)
 5 SYSTEMPATH\Model.php(394): CodeIgniter\Database\BaseBuilder->insert()
 6 SYSTEMPATH\BaseModel.php(840): CodeIgniter\Model->doInsert([...])
 7 SYSTEMPATH\Model.php(802): CodeIgniter\BaseModel->insert([...], false)
 8 SYSTEMPATH\BaseModel.php(751): CodeIgniter\Model->insert([...], false)
 9 APPPATH\Controllers\Administrateur.php(145): CodeIgniter\BaseModel->save([...])
10 SYSTEMPATH\CodeIgniter.php(933): App\Controllers\Administrateur->ajouterUnAvis()
11 SYSTEMPATH\CodeIgniter.php(509): CodeIgniter\CodeIgniter->runController(Object(App\Controllers\Administrateur))
12 SYSTEMPATH\CodeIgniter.php(355): CodeIgniter\CodeIgniter->handleRequest(null, Object(Config\Cache), false)
13 SYSTEMPATH\Boot.php(325): CodeIgniter\CodeIgniter->run()
14 SYSTEMPATH\Boot.php(67): CodeIgniter\Boot::runCodeIgniter(Object(CodeIgniter\CodeIgniter))
15 FCPATH\index.php(56): CodeIgniter\Boot::bootWeb(Object(Config\Paths))
16 SYSTEMPATH\rewrite.php(44): require_once('C:\\xampp\\htdocs\\Projet_Training\\BlogPlanete_CI4\\public\\index.php')
INFO - 2024-10-05 14:13:40 --> Session: Class initialized using 'CodeIgniter\Session\Handlers\FileHandler' driver.
INFO - 2024-10-05 14:16:13 --> Session: Class initialized using 'CodeIgniter\Session\Handlers\FileHandler' driver.
INFO - 2024-10-05 14:16:26 --> Session: Class initialized using 'CodeIgniter\Session\Handlers\FileHandler' driver.
INFO - 2024-10-05 14:16:26 --> Session: Class initialized using 'CodeIgniter\Session\Handlers\FileHandler' driver.
INFO - 2024-10-05 14:16:43 --> Session: Class initialized using 'CodeIgniter\Session\Handlers\FileHandler' driver.
INFO - 2024-10-05 14:16:46 --> Session: Class initialized using 'CodeIgniter\Session\Handlers\FileHandler' driver.
INFO - 2024-10-05 14:16:48 --> Session: Class initialized using 'CodeIgniter\Session\Handlers\FileHandler' driver.
INFO - 2024-10-05 14:16:54 --> Session: Class initialized using 'CodeIgniter\Session\Handlers\FileHandler' driver.
INFO - 2024-10-05 14:16:55 --> Session: Class initialized using 'CodeIgniter\Session\Handlers\FileHandler' driver.
INFO - 2024-10-05 14:16:58 --> Session: Class initialized using 'CodeIgniter\Session\Handlers\FileHandler' driver.
INFO - 2024-10-05 14:17:01 --> Session: Class initialized using 'CodeIgniter\Session\Handlers\FileHandler' driver.
INFO - 2024-10-05 14:17:02 --> Session: Class initialized using 'CodeIgniter\Session\Handlers\FileHandler' driver.
INFO - 2024-10-05 14:17:42 --> Session: Class initialized using 'CodeIgniter\Session\Handlers\FileHandler' driver.
INFO - 2024-10-05 14:19:08 --> Session: Class initialized using 'CodeIgniter\Session\Handlers\FileHandler' driver.
INFO - 2024-10-05 14:19:13 --> Session: Class initialized using 'CodeIgniter\Session\Handlers\FileHandler' driver.
INFO - 2024-10-05 14:19:25 --> Session: Class initialized using 'CodeIgniter\Session\Handlers\FileHandler' driver.
CRITICAL - 2024-10-05 14:19:25 --> Error: Call to a member function get() on array
[Method: POST, Route: administrateur/ajouterUnAvis]
in APPPATH\Controllers\Administrateur.php on line 140.
 1 SYSTEMPATH\CodeIgniter.php(933): App\Controllers\Administrateur->ajouterUnAvis()
 2 SYSTEMPATH\CodeIgniter.php(509): CodeIgniter\CodeIgniter->runController(Object(App\Controllers\Administrateur))
 3 SYSTEMPATH\CodeIgniter.php(355): CodeIgniter\CodeIgniter->handleRequest(null, Object(Config\Cache), false)
 4 SYSTEMPATH\Boot.php(325): CodeIgniter\CodeIgniter->run()
 5 SYSTEMPATH\Boot.php(67): CodeIgniter\Boot::runCodeIgniter(Object(CodeIgniter\CodeIgniter))
 6 FCPATH\index.php(56): CodeIgniter\Boot::bootWeb(Object(Config\Paths))
 7 SYSTEMPATH\rewrite.php(44): require_once('C:\\xampp\\htdocs\\Projet_Training\\BlogPlanete_CI4\\public\\index.php')
INFO - 2024-10-05 14:19:46 --> Session: Class initialized using 'CodeIgniter\Session\Handlers\FileHandler' driver.
INFO - 2024-10-05 14:29:29 --> Session: Class initialized using 'CodeIgniter\Session\Handlers\FileHandler' driver.
INFO - 2024-10-05 14:29:39 --> Session: Class initialized using 'CodeIgniter\Session\Handlers\FileHandler' driver.
ERROR - 2024-10-05 14:29:39 --> mysqli_sql_exception: Column 'NOARTICLE' cannot be null in C:\xampp\htdocs\Projet_Training\BlogPlanete_CI4\system\Database\MySQLi\Connection.php:312
Stack trace:
#0 C:\xampp\htdocs\Projet_Training\BlogPlanete_CI4\system\Database\MySQLi\Connection.php(312): mysqli->query('INSERT INTO `av...', 0)
#1 C:\xampp\htdocs\Projet_Training\BlogPlanete_CI4\system\Database\BaseConnection.php(734): CodeIgniter\Database\MySQLi\Connection->execute('INSERT INTO `av...')
#2 C:\xampp\htdocs\Projet_Training\BlogPlanete_CI4\system\Database\BaseConnection.php(648): CodeIgniter\Database\BaseConnection->simpleQuery('INSERT INTO `av...')
#3 C:\xampp\htdocs\Projet_Training\BlogPlanete_CI4\system\Database\BaseBuilder.php(2340): CodeIgniter\Database\BaseConnection->query('INSERT INTO `av...', Array, false)
#4 C:\xampp\htdocs\Projet_Training\BlogPlanete_CI4\system\Model.php(394): CodeIgniter\Database\BaseBuilder->insert()
#5 C:\xampp\htdocs\Projet_Training\BlogPlanete_CI4\system\BaseModel.php(840): CodeIgniter\Model->doInsert(Array)
#6 C:\xampp\htdocs\Projet_Training\BlogPlanete_CI4\system\Model.php(802): CodeIgniter\BaseModel->insert(Array, false)
#7 C:\xampp\htdocs\Projet_Training\BlogPlanete_CI4\system\BaseModel.php(751): CodeIgniter\Model->insert(Array, false)
#8 C:\xampp\htdocs\Projet_Training\BlogPlanete_CI4\app\Controllers\Administrateur.php(146): CodeIgniter\BaseModel->save(Array)
#9 C:\xampp\htdocs\Projet_Training\BlogPlanete_CI4\system\CodeIgniter.php(933): App\Controllers\Administrateur->ajouterUnAvis()
#10 C:\xampp\htdocs\Projet_Training\BlogPlanete_CI4\system\CodeIgniter.php(509): CodeIgniter\CodeIgniter->runController(Object(App\Controllers\Administrateur))
#11 C:\xampp\htdocs\Projet_Training\BlogPlanete_CI4\system\CodeIgniter.php(355): CodeIgniter\CodeIgniter->handleRequest(NULL, Object(Config\Cache), false)
#12 C:\xampp\htdocs\Projet_Training\BlogPlanete_CI4\system\Boot.php(325): CodeIgniter\CodeIgniter->run()
#13 C:\xampp\htdocs\Projet_Training\BlogPlanete_CI4\system\Boot.php(67): CodeIgniter\Boot::runCodeIgniter(Object(CodeIgniter\CodeIgniter))
#14 C:\xampp\htdocs\Projet_Training\BlogPlanete_CI4\public\index.php(56): CodeIgniter\Boot::bootWeb(Object(Config\Paths))
#15 C:\xampp\htdocs\Projet_Training\BlogPlanete_CI4\system\rewrite.php(44): require_once('C:\\xampp\\htdocs...')
#16 {main}
CRITICAL - 2024-10-05 14:29:39 --> CodeIgniter\Database\Exceptions\DatabaseException: Column 'NOARTICLE' cannot be null
[Method: POST, Route: administrateur/ajouterUnAvis]
in SYSTEMPATH\Database\BaseConnection.php on line 688.
 1 SYSTEMPATH\Database\BaseBuilder.php(2340): CodeIgniter\Database\BaseConnection->query('INSERT INTO `avis` (`NOARTICLE`, `NOUTILISATEUR`, `TITRE`, `CONTENU`) VALUES (:NOARTICLE:, :NOUTILISATEUR:, :TITRE:, :CONTENU:)', [...], false)
 2 SYSTEMPATH\Model.php(394): CodeIgniter\Database\BaseBuilder->insert()
 3 SYSTEMPATH\BaseModel.php(840): CodeIgniter\Model->doInsert([...])
 4 SYSTEMPATH\Model.php(802): CodeIgniter\BaseModel->insert([...], false)
 5 SYSTEMPATH\BaseModel.php(751): CodeIgniter\Model->insert([...], false)
 6 APPPATH\Controllers\Administrateur.php(146): CodeIgniter\BaseModel->save([...])
 7 SYSTEMPATH\CodeIgniter.php(933): App\Controllers\Administrateur->ajouterUnAvis()
 8 SYSTEMPATH\CodeIgniter.php(509): CodeIgniter\CodeIgniter->runController(Object(App\Controllers\Administrateur))
 9 SYSTEMPATH\CodeIgniter.php(355): CodeIgniter\CodeIgniter->handleRequest(null, Object(Config\Cache), false)
10 SYSTEMPATH\Boot.php(325): CodeIgniter\CodeIgniter->run()
11 SYSTEMPATH\Boot.php(67): CodeIgniter\Boot::runCodeIgniter(Object(CodeIgniter\CodeIgniter))
12 FCPATH\index.php(56): CodeIgniter\Boot::bootWeb(Object(Config\Paths))
13 SYSTEMPATH\rewrite.php(44): require_once('C:\\xampp\\htdocs\\Projet_Training\\BlogPlanete_CI4\\public\\index.php')
CRITICAL - 2024-10-05 14:29:39 --> [Caused by] CodeIgniter\Database\Exceptions\DatabaseException: Column 'NOARTICLE' cannot be null
in SYSTEMPATH\Database\MySQLi\Connection.php on line 317.
 1 SYSTEMPATH\Database\BaseConnection.php(734): CodeIgniter\Database\MySQLi\Connection->execute('INSERT INTO `avis` (`NOARTICLE`, `NOUTILISATEUR`, `TITRE`, `CONTENU`) VALUES (NULL, NULL, \'test\', \'test\')')
 2 SYSTEMPATH\Database\BaseConnection.php(648): CodeIgniter\Database\BaseConnection->simpleQuery('INSERT INTO `avis` (`NOARTICLE`, `NOUTILISATEUR`, `TITRE`, `CONTENU`) VALUES (NULL, NULL, \'test\', \'test\')')
 3 SYSTEMPATH\Database\BaseBuilder.php(2340): CodeIgniter\Database\BaseConnection->query('INSERT INTO `avis` (`NOARTICLE`, `NOUTILISATEUR`, `TITRE`, `CONTENU`) VALUES (:NOARTICLE:, :NOUTILISATEUR:, :TITRE:, :CONTENU:)', [...], false)
 4 SYSTEMPATH\Model.php(394): CodeIgniter\Database\BaseBuilder->insert()
 5 SYSTEMPATH\BaseModel.php(840): CodeIgniter\Model->doInsert([...])
 6 SYSTEMPATH\Model.php(802): CodeIgniter\BaseModel->insert([...], false)
 7 SYSTEMPATH\BaseModel.php(751): CodeIgniter\Model->insert([...], false)
 8 APPPATH\Controllers\Administrateur.php(146): CodeIgniter\BaseModel->save([...])
 9 SYSTEMPATH\CodeIgniter.php(933): App\Controllers\Administrateur->ajouterUnAvis()
10 SYSTEMPATH\CodeIgniter.php(509): CodeIgniter\CodeIgniter->runController(Object(App\Controllers\Administrateur))
11 SYSTEMPATH\CodeIgniter.php(355): CodeIgniter\CodeIgniter->handleRequest(null, Object(Config\Cache), false)
12 SYSTEMPATH\Boot.php(325): CodeIgniter\CodeIgniter->run()
13 SYSTEMPATH\Boot.php(67): CodeIgniter\Boot::runCodeIgniter(Object(CodeIgniter\CodeIgniter))
14 FCPATH\index.php(56): CodeIgniter\Boot::bootWeb(Object(Config\Paths))
15 SYSTEMPATH\rewrite.php(44): require_once('C:\\xampp\\htdocs\\Projet_Training\\BlogPlanete_CI4\\public\\index.php')
CRITICAL - 2024-10-05 14:29:39 --> [Caused by] mysqli_sql_exception: Column 'NOARTICLE' cannot be null
in SYSTEMPATH\Database\MySQLi\Connection.php on line 312.
 1 SYSTEMPATH\Database\MySQLi\Connection.php(312): mysqli->query('INSERT INTO `avis` (`NOARTICLE`, `NOUTILISATEUR`, `TITRE`, `CONTENU`) VALUES (NULL, NULL, \'test\', \'test\')', 0)
 2 SYSTEMPATH\Database\BaseConnection.php(734): CodeIgniter\Database\MySQLi\Connection->execute('INSERT INTO `avis` (`NOARTICLE`, `NOUTILISATEUR`, `TITRE`, `CONTENU`) VALUES (NULL, NULL, \'test\', \'test\')')
 3 SYSTEMPATH\Database\BaseConnection.php(648): CodeIgniter\Database\BaseConnection->simpleQuery('INSERT INTO `avis` (`NOARTICLE`, `NOUTILISATEUR`, `TITRE`, `CONTENU`) VALUES (NULL, NULL, \'test\', \'test\')')
 4 SYSTEMPATH\Database\BaseBuilder.php(2340): CodeIgniter\Database\BaseConnection->query('INSERT INTO `avis` (`NOARTICLE`, `NOUTILISATEUR`, `TITRE`, `CONTENU`) VALUES (:NOARTICLE:, :NOUTILISATEUR:, :TITRE:, :CONTENU:)', [...], false)
 5 SYSTEMPATH\Model.php(394): CodeIgniter\Database\BaseBuilder->insert()
 6 SYSTEMPATH\BaseModel.php(840): CodeIgniter\Model->doInsert([...])
 7 SYSTEMPATH\Model.php(802): CodeIgniter\BaseModel->insert([...], false)
 8 SYSTEMPATH\BaseModel.php(751): CodeIgniter\Model->insert([...], false)
 9 APPPATH\Controllers\Administrateur.php(146): CodeIgniter\BaseModel->save([...])
10 SYSTEMPATH\CodeIgniter.php(933): App\Controllers\Administrateur->ajouterUnAvis()
11 SYSTEMPATH\CodeIgniter.php(509): CodeIgniter\CodeIgniter->runController(Object(App\Controllers\Administrateur))
12 SYSTEMPATH\CodeIgniter.php(355): CodeIgniter\CodeIgniter->handleRequest(null, Object(Config\Cache), false)
13 SYSTEMPATH\Boot.php(325): CodeIgniter\CodeIgniter->run()
14 SYSTEMPATH\Boot.php(67): CodeIgniter\Boot::runCodeIgniter(Object(CodeIgniter\CodeIgniter))
15 FCPATH\index.php(56): CodeIgniter\Boot::bootWeb(Object(Config\Paths))
16 SYSTEMPATH\rewrite.php(44): require_once('C:\\xampp\\htdocs\\Projet_Training\\BlogPlanete_CI4\\public\\index.php')
INFO - 2024-10-05 14:29:47 --> Session: Class initialized using 'CodeIgniter\Session\Handlers\FileHandler' driver.
INFO - 2024-10-05 14:36:38 --> Session: Class initialized using 'CodeIgniter\Session\Handlers\FileHandler' driver.
INFO - 2024-10-05 14:36:52 --> Session: Class initialized using 'CodeIgniter\Session\Handlers\FileHandler' driver.
ERROR - 2024-10-05 14:36:52 --> mysqli_sql_exception: Column 'NOUTILISATEUR' cannot be null in C:\xampp\htdocs\Projet_Training\BlogPlanete_CI4\system\Database\MySQLi\Connection.php:312
Stack trace:
#0 C:\xampp\htdocs\Projet_Training\BlogPlanete_CI4\system\Database\MySQLi\Connection.php(312): mysqli->query('INSERT INTO `av...', 0)
#1 C:\xampp\htdocs\Projet_Training\BlogPlanete_CI4\system\Database\BaseConnection.php(734): CodeIgniter\Database\MySQLi\Connection->execute('INSERT INTO `av...')
#2 C:\xampp\htdocs\Projet_Training\BlogPlanete_CI4\system\Database\BaseConnection.php(648): CodeIgniter\Database\BaseConnection->simpleQuery('INSERT INTO `av...')
#3 C:\xampp\htdocs\Projet_Training\BlogPlanete_CI4\system\Database\BaseBuilder.php(2340): CodeIgniter\Database\BaseConnection->query('INSERT INTO `av...', Array, false)
#4 C:\xampp\htdocs\Projet_Training\BlogPlanete_CI4\system\Model.php(394): CodeIgniter\Database\BaseBuilder->insert()
#5 C:\xampp\htdocs\Projet_Training\BlogPlanete_CI4\system\BaseModel.php(840): CodeIgniter\Model->doInsert(Array)
#6 C:\xampp\htdocs\Projet_Training\BlogPlanete_CI4\system\Model.php(802): CodeIgniter\BaseModel->insert(Array, false)
#7 C:\xampp\htdocs\Projet_Training\BlogPlanete_CI4\system\BaseModel.php(751): CodeIgniter\Model->insert(Array, false)
#8 C:\xampp\htdocs\Projet_Training\BlogPlanete_CI4\app\Controllers\Administrateur.php(146): CodeIgniter\BaseModel->save(Array)
#9 C:\xampp\htdocs\Projet_Training\BlogPlanete_CI4\system\CodeIgniter.php(933): App\Controllers\Administrateur->ajouterUnAvis()
#10 C:\xampp\htdocs\Projet_Training\BlogPlanete_CI4\system\CodeIgniter.php(509): CodeIgniter\CodeIgniter->runController(Object(App\Controllers\Administrateur))
#11 C:\xampp\htdocs\Projet_Training\BlogPlanete_CI4\system\CodeIgniter.php(355): CodeIgniter\CodeIgniter->handleRequest(NULL, Object(Config\Cache), false)
#12 C:\xampp\htdocs\Projet_Training\BlogPlanete_CI4\system\Boot.php(325): CodeIgniter\CodeIgniter->run()
#13 C:\xampp\htdocs\Projet_Training\BlogPlanete_CI4\system\Boot.php(67): CodeIgniter\Boot::runCodeIgniter(Object(CodeIgniter\CodeIgniter))
#14 C:\xampp\htdocs\Projet_Training\BlogPlanete_CI4\public\index.php(56): CodeIgniter\Boot::bootWeb(Object(Config\Paths))
#15 C:\xampp\htdocs\Projet_Training\BlogPlanete_CI4\system\rewrite.php(44): require_once('C:\\xampp\\htdocs...')
#16 {main}
CRITICAL - 2024-10-05 14:36:52 --> CodeIgniter\Database\Exceptions\DatabaseException: Column 'NOUTILISATEUR' cannot be null
[Method: POST, Route: administrateur/ajouterUnAvis]
in SYSTEMPATH\Database\BaseConnection.php on line 688.
 1 SYSTEMPATH\Database\BaseBuilder.php(2340): CodeIgniter\Database\BaseConnection->query('INSERT INTO `avis` (`NOARTICLE`, `NOUTILISATEUR`, `TITRE`, `CONTENU`) VALUES (:NOARTICLE:, :NOUTILISATEUR:, :TITRE:, :CONTENU:)', [...], false)
 2 SYSTEMPATH\Model.php(394): CodeIgniter\Database\BaseBuilder->insert()
 3 SYSTEMPATH\BaseModel.php(840): CodeIgniter\Model->doInsert([...])
 4 SYSTEMPATH\Model.php(802): CodeIgniter\BaseModel->insert([...], false)
 5 SYSTEMPATH\BaseModel.php(751): CodeIgniter\Model->insert([...], false)
 6 APPPATH\Controllers\Administrateur.php(146): CodeIgniter\BaseModel->save([...])
 7 SYSTEMPATH\CodeIgniter.php(933): App\Controllers\Administrateur->ajouterUnAvis()
 8 SYSTEMPATH\CodeIgniter.php(509): CodeIgniter\CodeIgniter->runController(Object(App\Controllers\Administrateur))
 9 SYSTEMPATH\CodeIgniter.php(355): CodeIgniter\CodeIgniter->handleRequest(null, Object(Config\Cache), false)
10 SYSTEMPATH\Boot.php(325): CodeIgniter\CodeIgniter->run()
11 SYSTEMPATH\Boot.php(67): CodeIgniter\Boot::runCodeIgniter(Object(CodeIgniter\CodeIgniter))
12 FCPATH\index.php(56): CodeIgniter\Boot::bootWeb(Object(Config\Paths))
13 SYSTEMPATH\rewrite.php(44): require_once('C:\\xampp\\htdocs\\Projet_Training\\BlogPlanete_CI4\\public\\index.php')
CRITICAL - 2024-10-05 14:36:52 --> [Caused by] CodeIgniter\Database\Exceptions\DatabaseException: Column 'NOUTILISATEUR' cannot be null
in SYSTEMPATH\Database\MySQLi\Connection.php on line 317.
 1 SYSTEMPATH\Database\BaseConnection.php(734): CodeIgniter\Database\MySQLi\Connection->execute('INSERT INTO `avis` (`NOARTICLE`, `NOUTILISATEUR`, `TITRE`, `CONTENU`) VALUES (0, NULL, \'test\', \'test\')')
 2 SYSTEMPATH\Database\BaseConnection.php(648): CodeIgniter\Database\BaseConnection->simpleQuery('INSERT INTO `avis` (`NOARTICLE`, `NOUTILISATEUR`, `TITRE`, `CONTENU`) VALUES (0, NULL, \'test\', \'test\')')
 3 SYSTEMPATH\Database\BaseBuilder.php(2340): CodeIgniter\Database\BaseConnection->query('INSERT INTO `avis` (`NOARTICLE`, `NOUTILISATEUR`, `TITRE`, `CONTENU`) VALUES (:NOARTICLE:, :NOUTILISATEUR:, :TITRE:, :CONTENU:)', [...], false)
 4 SYSTEMPATH\Model.php(394): CodeIgniter\Database\BaseBuilder->insert()
 5 SYSTEMPATH\BaseModel.php(840): CodeIgniter\Model->doInsert([...])
 6 SYSTEMPATH\Model.php(802): CodeIgniter\BaseModel->insert([...], false)
 7 SYSTEMPATH\BaseModel.php(751): CodeIgniter\Model->insert([...], false)
 8 APPPATH\Controllers\Administrateur.php(146): CodeIgniter\BaseModel->save([...])
 9 SYSTEMPATH\CodeIgniter.php(933): App\Controllers\Administrateur->ajouterUnAvis()
10 SYSTEMPATH\CodeIgniter.php(509): CodeIgniter\CodeIgniter->runController(Object(App\Controllers\Administrateur))
11 SYSTEMPATH\CodeIgniter.php(355): CodeIgniter\CodeIgniter->handleRequest(null, Object(Config\Cache), false)
12 SYSTEMPATH\Boot.php(325): CodeIgniter\CodeIgniter->run()
13 SYSTEMPATH\Boot.php(67): CodeIgniter\Boot::runCodeIgniter(Object(CodeIgniter\CodeIgniter))
14 FCPATH\index.php(56): CodeIgniter\Boot::bootWeb(Object(Config\Paths))
15 SYSTEMPATH\rewrite.php(44): require_once('C:\\xampp\\htdocs\\Projet_Training\\BlogPlanete_CI4\\public\\index.php')
CRITICAL - 2024-10-05 14:36:52 --> [Caused by] mysqli_sql_exception: Column 'NOUTILISATEUR' cannot be null
in SYSTEMPATH\Database\MySQLi\Connection.php on line 312.
 1 SYSTEMPATH\Database\MySQLi\Connection.php(312): mysqli->query('INSERT INTO `avis` (`NOARTICLE`, `NOUTILISATEUR`, `TITRE`, `CONTENU`) VALUES (0, NULL, \'test\', \'test\')', 0)
 2 SYSTEMPATH\Database\BaseConnection.php(734): CodeIgniter\Database\MySQLi\Connection->execute('INSERT INTO `avis` (`NOARTICLE`, `NOUTILISATEUR`, `TITRE`, `CONTENU`) VALUES (0, NULL, \'test\', \'test\')')
 3 SYSTEMPATH\Database\BaseConnection.php(648): CodeIgniter\Database\BaseConnection->simpleQuery('INSERT INTO `avis` (`NOARTICLE`, `NOUTILISATEUR`, `TITRE`, `CONTENU`) VALUES (0, NULL, \'test\', \'test\')')
 4 SYSTEMPATH\Database\BaseBuilder.php(2340): CodeIgniter\Database\BaseConnection->query('INSERT INTO `avis` (`NOARTICLE`, `NOUTILISATEUR`, `TITRE`, `CONTENU`) VALUES (:NOARTICLE:, :NOUTILISATEUR:, :TITRE:, :CONTENU:)', [...], false)
 5 SYSTEMPATH\Model.php(394): CodeIgniter\Database\BaseBuilder->insert()
 6 SYSTEMPATH\BaseModel.php(840): CodeIgniter\Model->doInsert([...])
 7 SYSTEMPATH\Model.php(802): CodeIgniter\BaseModel->insert([...], false)
 8 SYSTEMPATH\BaseModel.php(751): CodeIgniter\Model->insert([...], false)
 9 APPPATH\Controllers\Administrateur.php(146): CodeIgniter\BaseModel->save([...])
10 SYSTEMPATH\CodeIgniter.php(933): App\Controllers\Administrateur->ajouterUnAvis()
11 SYSTEMPATH\CodeIgniter.php(509): CodeIgniter\CodeIgniter->runController(Object(App\Controllers\Administrateur))
12 SYSTEMPATH\CodeIgniter.php(355): CodeIgniter\CodeIgniter->handleRequest(null, Object(Config\Cache), false)
13 SYSTEMPATH\Boot.php(325): CodeIgniter\CodeIgniter->run()
14 SYSTEMPATH\Boot.php(67): CodeIgniter\Boot::runCodeIgniter(Object(CodeIgniter\CodeIgniter))
15 FCPATH\index.php(56): CodeIgniter\Boot::bootWeb(Object(Config\Paths))
16 SYSTEMPATH\rewrite.php(44): require_once('C:\\xampp\\htdocs\\Projet_Training\\BlogPlanete_CI4\\public\\index.php')
INFO - 2024-10-05 14:36:59 --> Session: Class initialized using 'CodeIgniter\Session\Handlers\FileHandler' driver.
INFO - 2024-10-05 15:09:18 --> Session: Class initialized using 'CodeIgniter\Session\Handlers\FileHandler' driver.
INFO - 2024-10-05 15:09:23 --> Session: Class initialized using 'CodeIgniter\Session\Handlers\FileHandler' driver.
ERROR - 2024-10-05 15:09:23 --> mysqli_sql_exception: Column 'NOUTILISATEUR' cannot be null in C:\xampp\htdocs\Projet_Training\BlogPlanete_CI4\system\Database\MySQLi\Connection.php:312
Stack trace:
#0 C:\xampp\htdocs\Projet_Training\BlogPlanete_CI4\system\Database\MySQLi\Connection.php(312): mysqli->query('INSERT INTO `av...', 0)
#1 C:\xampp\htdocs\Projet_Training\BlogPlanete_CI4\system\Database\BaseConnection.php(734): CodeIgniter\Database\MySQLi\Connection->execute('INSERT INTO `av...')
#2 C:\xampp\htdocs\Projet_Training\BlogPlanete_CI4\system\Database\BaseConnection.php(648): CodeIgniter\Database\BaseConnection->simpleQuery('INSERT INTO `av...')
#3 C:\xampp\htdocs\Projet_Training\BlogPlanete_CI4\system\Database\BaseBuilder.php(2340): CodeIgniter\Database\BaseConnection->query('INSERT INTO `av...', Array, false)
#4 C:\xampp\htdocs\Projet_Training\BlogPlanete_CI4\system\Model.php(394): CodeIgniter\Database\BaseBuilder->insert()
#5 C:\xampp\htdocs\Projet_Training\BlogPlanete_CI4\system\BaseModel.php(840): CodeIgniter\Model->doInsert(Array)
#6 C:\xampp\htdocs\Projet_Training\BlogPlanete_CI4\system\Model.php(802): CodeIgniter\BaseModel->insert(Array, false)
#7 C:\xampp\htdocs\Projet_Training\BlogPlanete_CI4\system\BaseModel.php(751): CodeIgniter\Model->insert(Array, false)
#8 C:\xampp\htdocs\Projet_Training\BlogPlanete_CI4\app\Controllers\Administrateur.php(149): CodeIgniter\BaseModel->save(Array)
#9 C:\xampp\htdocs\Projet_Training\BlogPlanete_CI4\system\CodeIgniter.php(933): App\Controllers\Administrateur->ajouterUnAvis()
#10 C:\xampp\htdocs\Projet_Training\BlogPlanete_CI4\system\CodeIgniter.php(509): CodeIgniter\CodeIgniter->runController(Object(App\Controllers\Administrateur))
#11 C:\xampp\htdocs\Projet_Training\BlogPlanete_CI4\system\CodeIgniter.php(355): CodeIgniter\CodeIgniter->handleRequest(NULL, Object(Config\Cache), false)
#12 C:\xampp\htdocs\Projet_Training\BlogPlanete_CI4\system\Boot.php(325): CodeIgniter\CodeIgniter->run()
#13 C:\xampp\htdocs\Projet_Training\BlogPlanete_CI4\system\Boot.php(67): CodeIgniter\Boot::runCodeIgniter(Object(CodeIgniter\CodeIgniter))
#14 C:\xampp\htdocs\Projet_Training\BlogPlanete_CI4\public\index.php(56): CodeIgniter\Boot::bootWeb(Object(Config\Paths))
#15 C:\xampp\htdocs\Projet_Training\BlogPlanete_CI4\system\rewrite.php(44): require_once('C:\\xampp\\htdocs...')
#16 {main}
CRITICAL - 2024-10-05 15:09:23 --> CodeIgniter\Database\Exceptions\DatabaseException: Column 'NOUTILISATEUR' cannot be null
[Method: POST, Route: administrateur/ajouterUnAvis]
in SYSTEMPATH\Database\BaseConnection.php on line 688.
 1 SYSTEMPATH\Database\BaseBuilder.php(2340): CodeIgniter\Database\BaseConnection->query('INSERT INTO `avis` (`NOARTICLE`, `NOUTILISATEUR`, `TITRE`, `CONTENU`) VALUES (:NOARTICLE:, :NOUTILISATEUR:, :TITRE:, :CONTENU:)', [...], false)
 2 SYSTEMPATH\Model.php(394): CodeIgniter\Database\BaseBuilder->insert()
 3 SYSTEMPATH\BaseModel.php(840): CodeIgniter\Model->doInsert([...])
 4 SYSTEMPATH\Model.php(802): CodeIgniter\BaseModel->insert([...], false)
 5 SYSTEMPATH\BaseModel.php(751): CodeIgniter\Model->insert([...], false)
 6 APPPATH\Controllers\Administrateur.php(149): CodeIgniter\BaseModel->save([...])
 7 SYSTEMPATH\CodeIgniter.php(933): App\Controllers\Administrateur->ajouterUnAvis()
 8 SYSTEMPATH\CodeIgniter.php(509): CodeIgniter\CodeIgniter->runController(Object(App\Controllers\Administrateur))
 9 SYSTEMPATH\CodeIgniter.php(355): CodeIgniter\CodeIgniter->handleRequest(null, Object(Config\Cache), false)
10 SYSTEMPATH\Boot.php(325): CodeIgniter\CodeIgniter->run()
11 SYSTEMPATH\Boot.php(67): CodeIgniter\Boot::runCodeIgniter(Object(CodeIgniter\CodeIgniter))
12 FCPATH\index.php(56): CodeIgniter\Boot::bootWeb(Object(Config\Paths))
13 SYSTEMPATH\rewrite.php(44): require_once('C:\\xampp\\htdocs\\Projet_Training\\BlogPlanete_CI4\\public\\index.php')
CRITICAL - 2024-10-05 15:09:23 --> [Caused by] CodeIgniter\Database\Exceptions\DatabaseException: Column 'NOUTILISATEUR' cannot be null
in SYSTEMPATH\Database\MySQLi\Connection.php on line 317.
 1 SYSTEMPATH\Database\BaseConnection.php(734): CodeIgniter\Database\MySQLi\Connection->execute('INSERT INTO `avis` (`NOARTICLE`, `NOUTILISATEUR`, `TITRE`, `CONTENU`) VALUES (0, NULL, \'test\', \'test\')')
 2 SYSTEMPATH\Database\BaseConnection.php(648): CodeIgniter\Database\BaseConnection->simpleQuery('INSERT INTO `avis` (`NOARTICLE`, `NOUTILISATEUR`, `TITRE`, `CONTENU`) VALUES (0, NULL, \'test\', \'test\')')
 3 SYSTEMPATH\Database\BaseBuilder.php(2340): CodeIgniter\Database\BaseConnection->query('INSERT INTO `avis` (`NOARTICLE`, `NOUTILISATEUR`, `TITRE`, `CONTENU`) VALUES (:NOARTICLE:, :NOUTILISATEUR:, :TITRE:, :CONTENU:)', [...], false)
 4 SYSTEMPATH\Model.php(394): CodeIgniter\Database\BaseBuilder->insert()
 5 SYSTEMPATH\BaseModel.php(840): CodeIgniter\Model->doInsert([...])
 6 SYSTEMPATH\Model.php(802): CodeIgniter\BaseModel->insert([...], false)
 7 SYSTEMPATH\BaseModel.php(751): CodeIgniter\Model->insert([...], false)
 8 APPPATH\Controllers\Administrateur.php(149): CodeIgniter\BaseModel->save([...])
 9 SYSTEMPATH\CodeIgniter.php(933): App\Controllers\Administrateur->ajouterUnAvis()
10 SYSTEMPATH\CodeIgniter.php(509): CodeIgniter\CodeIgniter->runController(Object(App\Controllers\Administrateur))
11 SYSTEMPATH\CodeIgniter.php(355): CodeIgniter\CodeIgniter->handleRequest(null, Object(Config\Cache), false)
12 SYSTEMPATH\Boot.php(325): CodeIgniter\CodeIgniter->run()
13 SYSTEMPATH\Boot.php(67): CodeIgniter\Boot::runCodeIgniter(Object(CodeIgniter\CodeIgniter))
14 FCPATH\index.php(56): CodeIgniter\Boot::bootWeb(Object(Config\Paths))
15 SYSTEMPATH\rewrite.php(44): require_once('C:\\xampp\\htdocs\\Projet_Training\\BlogPlanete_CI4\\public\\index.php')
CRITICAL - 2024-10-05 15:09:23 --> [Caused by] mysqli_sql_exception: Column 'NOUTILISATEUR' cannot be null
in SYSTEMPATH\Database\MySQLi\Connection.php on line 312.
 1 SYSTEMPATH\Database\MySQLi\Connection.php(312): mysqli->query('INSERT INTO `avis` (`NOARTICLE`, `NOUTILISATEUR`, `TITRE`, `CONTENU`) VALUES (0, NULL, \'test\', \'test\')', 0)
 2 SYSTEMPATH\Database\BaseConnection.php(734): CodeIgniter\Database\MySQLi\Connection->execute('INSERT INTO `avis` (`NOARTICLE`, `NOUTILISATEUR`, `TITRE`, `CONTENU`) VALUES (0, NULL, \'test\', \'test\')')
 3 SYSTEMPATH\Database\BaseConnection.php(648): CodeIgniter\Database\BaseConnection->simpleQuery('INSERT INTO `avis` (`NOARTICLE`, `NOUTILISATEUR`, `TITRE`, `CONTENU`) VALUES (0, NULL, \'test\', \'test\')')
 4 SYSTEMPATH\Database\BaseBuilder.php(2340): CodeIgniter\Database\BaseConnection->query('INSERT INTO `avis` (`NOARTICLE`, `NOUTILISATEUR`, `TITRE`, `CONTENU`) VALUES (:NOARTICLE:, :NOUTILISATEUR:, :TITRE:, :CONTENU:)', [...], false)
 5 SYSTEMPATH\Model.php(394): CodeIgniter\Database\BaseBuilder->insert()
 6 SYSTEMPATH\BaseModel.php(840): CodeIgniter\Model->doInsert([...])
 7 SYSTEMPATH\Model.php(802): CodeIgniter\BaseModel->insert([...], false)
 8 SYSTEMPATH\BaseModel.php(751): CodeIgniter\Model->insert([...], false)
 9 APPPATH\Controllers\Administrateur.php(149): CodeIgniter\BaseModel->save([...])
10 SYSTEMPATH\CodeIgniter.php(933): App\Controllers\Administrateur->ajouterUnAvis()
11 SYSTEMPATH\CodeIgniter.php(509): CodeIgniter\CodeIgniter->runController(Object(App\Controllers\Administrateur))
12 SYSTEMPATH\CodeIgniter.php(355): CodeIgniter\CodeIgniter->handleRequest(null, Object(Config\Cache), false)
13 SYSTEMPATH\Boot.php(325): CodeIgniter\CodeIgniter->run()
14 SYSTEMPATH\Boot.php(67): CodeIgniter\Boot::runCodeIgniter(Object(CodeIgniter\CodeIgniter))
15 FCPATH\index.php(56): CodeIgniter\Boot::bootWeb(Object(Config\Paths))
16 SYSTEMPATH\rewrite.php(44): require_once('C:\\xampp\\htdocs\\Projet_Training\\BlogPlanete_CI4\\public\\index.php')
INFO - 2024-10-05 15:09:28 --> Session: Class initialized using 'CodeIgniter\Session\Handlers\FileHandler' driver.
INFO - 2024-10-05 15:10:16 --> Session: Class initialized using 'CodeIgniter\Session\Handlers\FileHandler' driver.
INFO - 2024-10-05 15:10:20 --> Session: Class initialized using 'CodeIgniter\Session\Handlers\FileHandler' driver.
INFO - 2024-10-05 15:10:20 --> Session: Class initialized using 'CodeIgniter\Session\Handlers\FileHandler' driver.
INFO - 2024-10-05 15:10:55 --> Session: Class initialized using 'CodeIgniter\Session\Handlers\FileHandler' driver.
INFO - 2024-10-05 15:10:56 --> Session: Class initialized using 'CodeIgniter\Session\Handlers\FileHandler' driver.
INFO - 2024-10-05 15:10:57 --> Session: Class initialized using 'CodeIgniter\Session\Handlers\FileHandler' driver.
INFO - 2024-10-05 15:11:04 --> Session: Class initialized using 'CodeIgniter\Session\Handlers\FileHandler' driver.
ERROR - 2024-10-05 15:11:04 --> mysqli_sql_exception: Column 'NOUTILISATEUR' cannot be null in C:\xampp\htdocs\Projet_Training\BlogPlanete_CI4\system\Database\MySQLi\Connection.php:312
Stack trace:
#0 C:\xampp\htdocs\Projet_Training\BlogPlanete_CI4\system\Database\MySQLi\Connection.php(312): mysqli->query('INSERT INTO `av...', 0)
#1 C:\xampp\htdocs\Projet_Training\BlogPlanete_CI4\system\Database\BaseConnection.php(734): CodeIgniter\Database\MySQLi\Connection->execute('INSERT INTO `av...')
#2 C:\xampp\htdocs\Projet_Training\BlogPlanete_CI4\system\Database\BaseConnection.php(648): CodeIgniter\Database\BaseConnection->simpleQuery('INSERT INTO `av...')
#3 C:\xampp\htdocs\Projet_Training\BlogPlanete_CI4\system\Database\BaseBuilder.php(2340): CodeIgniter\Database\BaseConnection->query('INSERT INTO `av...', Array, false)
#4 C:\xampp\htdocs\Projet_Training\BlogPlanete_CI4\system\Model.php(394): CodeIgniter\Database\BaseBuilder->insert()
#5 C:\xampp\htdocs\Projet_Training\BlogPlanete_CI4\system\BaseModel.php(840): CodeIgniter\Model->doInsert(Array)
#6 C:\xampp\htdocs\Projet_Training\BlogPlanete_CI4\system\Model.php(802): CodeIgniter\BaseModel->insert(Array, false)
#7 C:\xampp\htdocs\Projet_Training\BlogPlanete_CI4\system\BaseModel.php(751): CodeIgniter\Model->insert(Array, false)
#8 C:\xampp\htdocs\Projet_Training\BlogPlanete_CI4\app\Controllers\Administrateur.php(149): CodeIgniter\BaseModel->save(Array)
#9 C:\xampp\htdocs\Projet_Training\BlogPlanete_CI4\system\CodeIgniter.php(933): App\Controllers\Administrateur->ajouterUnAvis()
#10 C:\xampp\htdocs\Projet_Training\BlogPlanete_CI4\system\CodeIgniter.php(509): CodeIgniter\CodeIgniter->runController(Object(App\Controllers\Administrateur))
#11 C:\xampp\htdocs\Projet_Training\BlogPlanete_CI4\system\CodeIgniter.php(355): CodeIgniter\CodeIgniter->handleRequest(NULL, Object(Config\Cache), false)
#12 C:\xampp\htdocs\Projet_Training\BlogPlanete_CI4\system\Boot.php(325): CodeIgniter\CodeIgniter->run()
#13 C:\xampp\htdocs\Projet_Training\BlogPlanete_CI4\system\Boot.php(67): CodeIgniter\Boot::runCodeIgniter(Object(CodeIgniter\CodeIgniter))
#14 C:\xampp\htdocs\Projet_Training\BlogPlanete_CI4\public\index.php(56): CodeIgniter\Boot::bootWeb(Object(Config\Paths))
#15 C:\xampp\htdocs\Projet_Training\BlogPlanete_CI4\system\rewrite.php(44): require_once('C:\\xampp\\htdocs...')
#16 {main}
CRITICAL - 2024-10-05 15:11:04 --> CodeIgniter\Database\Exceptions\DatabaseException: Column 'NOUTILISATEUR' cannot be null
[Method: POST, Route: administrateur/ajouterUnAvis]
in SYSTEMPATH\Database\BaseConnection.php on line 688.
 1 SYSTEMPATH\Database\BaseBuilder.php(2340): CodeIgniter\Database\BaseConnection->query('INSERT INTO `avis` (`NOARTICLE`, `NOUTILISATEUR`, `TITRE`, `CONTENU`) VALUES (:NOARTICLE:, :NOUTILISATEUR:, :TITRE:, :CONTENU:)', [...], false)
 2 SYSTEMPATH\Model.php(394): CodeIgniter\Database\BaseBuilder->insert()
 3 SYSTEMPATH\BaseModel.php(840): CodeIgniter\Model->doInsert([...])
 4 SYSTEMPATH\Model.php(802): CodeIgniter\BaseModel->insert([...], false)
 5 SYSTEMPATH\BaseModel.php(751): CodeIgniter\Model->insert([...], false)
 6 APPPATH\Controllers\Administrateur.php(149): CodeIgniter\BaseModel->save([...])
 7 SYSTEMPATH\CodeIgniter.php(933): App\Controllers\Administrateur->ajouterUnAvis()
 8 SYSTEMPATH\CodeIgniter.php(509): CodeIgniter\CodeIgniter->runController(Object(App\Controllers\Administrateur))
 9 SYSTEMPATH\CodeIgniter.php(355): CodeIgniter\CodeIgniter->handleRequest(null, Object(Config\Cache), false)
10 SYSTEMPATH\Boot.php(325): CodeIgniter\CodeIgniter->run()
11 SYSTEMPATH\Boot.php(67): CodeIgniter\Boot::runCodeIgniter(Object(CodeIgniter\CodeIgniter))
12 FCPATH\index.php(56): CodeIgniter\Boot::bootWeb(Object(Config\Paths))
13 SYSTEMPATH\rewrite.php(44): require_once('C:\\xampp\\htdocs\\Projet_Training\\BlogPlanete_CI4\\public\\index.php')
CRITICAL - 2024-10-05 15:11:04 --> [Caused by] CodeIgniter\Database\Exceptions\DatabaseException: Column 'NOUTILISATEUR' cannot be null
in SYSTEMPATH\Database\MySQLi\Connection.php on line 317.
 1 SYSTEMPATH\Database\BaseConnection.php(734): CodeIgniter\Database\MySQLi\Connection->execute('INSERT INTO `avis` (`NOARTICLE`, `NOUTILISATEUR`, `TITRE`, `CONTENU`) VALUES (0, NULL, \'test\', \'test\')')
 2 SYSTEMPATH\Database\BaseConnection.php(648): CodeIgniter\Database\BaseConnection->simpleQuery('INSERT INTO `avis` (`NOARTICLE`, `NOUTILISATEUR`, `TITRE`, `CONTENU`) VALUES (0, NULL, \'test\', \'test\')')
 3 SYSTEMPATH\Database\BaseBuilder.php(2340): CodeIgniter\Database\BaseConnection->query('INSERT INTO `avis` (`NOARTICLE`, `NOUTILISATEUR`, `TITRE`, `CONTENU`) VALUES (:NOARTICLE:, :NOUTILISATEUR:, :TITRE:, :CONTENU:)', [...], false)
 4 SYSTEMPATH\Model.php(394): CodeIgniter\Database\BaseBuilder->insert()
 5 SYSTEMPATH\BaseModel.php(840): CodeIgniter\Model->doInsert([...])
 6 SYSTEMPATH\Model.php(802): CodeIgniter\BaseModel->insert([...], false)
 7 SYSTEMPATH\BaseModel.php(751): CodeIgniter\Model->insert([...], false)
 8 APPPATH\Controllers\Administrateur.php(149): CodeIgniter\BaseModel->save([...])
 9 SYSTEMPATH\CodeIgniter.php(933): App\Controllers\Administrateur->ajouterUnAvis()
10 SYSTEMPATH\CodeIgniter.php(509): CodeIgniter\CodeIgniter->runController(Object(App\Controllers\Administrateur))
11 SYSTEMPATH\CodeIgniter.php(355): CodeIgniter\CodeIgniter->handleRequest(null, Object(Config\Cache), false)
12 SYSTEMPATH\Boot.php(325): CodeIgniter\CodeIgniter->run()
13 SYSTEMPATH\Boot.php(67): CodeIgniter\Boot::runCodeIgniter(Object(CodeIgniter\CodeIgniter))
14 FCPATH\index.php(56): CodeIgniter\Boot::bootWeb(Object(Config\Paths))
15 SYSTEMPATH\rewrite.php(44): require_once('C:\\xampp\\htdocs\\Projet_Training\\BlogPlanete_CI4\\public\\index.php')
CRITICAL - 2024-10-05 15:11:04 --> [Caused by] mysqli_sql_exception: Column 'NOUTILISATEUR' cannot be null
in SYSTEMPATH\Database\MySQLi\Connection.php on line 312.
 1 SYSTEMPATH\Database\MySQLi\Connection.php(312): mysqli->query('INSERT INTO `avis` (`NOARTICLE`, `NOUTILISATEUR`, `TITRE`, `CONTENU`) VALUES (0, NULL, \'test\', \'test\')', 0)
 2 SYSTEMPATH\Database\BaseConnection.php(734): CodeIgniter\Database\MySQLi\Connection->execute('INSERT INTO `avis` (`NOARTICLE`, `NOUTILISATEUR`, `TITRE`, `CONTENU`) VALUES (0, NULL, \'test\', \'test\')')
 3 SYSTEMPATH\Database\BaseConnection.php(648): CodeIgniter\Database\BaseConnection->simpleQuery('INSERT INTO `avis` (`NOARTICLE`, `NOUTILISATEUR`, `TITRE`, `CONTENU`) VALUES (0, NULL, \'test\', \'test\')')
 4 SYSTEMPATH\Database\BaseBuilder.php(2340): CodeIgniter\Database\BaseConnection->query('INSERT INTO `avis` (`NOARTICLE`, `NOUTILISATEUR`, `TITRE`, `CONTENU`) VALUES (:NOARTICLE:, :NOUTILISATEUR:, :TITRE:, :CONTENU:)', [...], false)
 5 SYSTEMPATH\Model.php(394): CodeIgniter\Database\BaseBuilder->insert()
 6 SYSTEMPATH\BaseModel.php(840): CodeIgniter\Model->doInsert([...])
 7 SYSTEMPATH\Model.php(802): CodeIgniter\BaseModel->insert([...], false)
 8 SYSTEMPATH\BaseModel.php(751): CodeIgniter\Model->insert([...], false)
 9 APPPATH\Controllers\Administrateur.php(149): CodeIgniter\BaseModel->save([...])
10 SYSTEMPATH\CodeIgniter.php(933): App\Controllers\Administrateur->ajouterUnAvis()
11 SYSTEMPATH\CodeIgniter.php(509): CodeIgniter\CodeIgniter->runController(Object(App\Controllers\Administrateur))
12 SYSTEMPATH\CodeIgniter.php(355): CodeIgniter\CodeIgniter->handleRequest(null, Object(Config\Cache), false)
13 SYSTEMPATH\Boot.php(325): CodeIgniter\CodeIgniter->run()
14 SYSTEMPATH\Boot.php(67): CodeIgniter\Boot::runCodeIgniter(Object(CodeIgniter\CodeIgniter))
15 FCPATH\index.php(56): CodeIgniter\Boot::bootWeb(Object(Config\Paths))
16 SYSTEMPATH\rewrite.php(44): require_once('C:\\xampp\\htdocs\\Projet_Training\\BlogPlanete_CI4\\public\\index.php')
INFO - 2024-10-05 15:11:17 --> Session: Class initialized using 'CodeIgniter\Session\Handlers\FileHandler' driver.
INFO - 2024-10-05 15:12:13 --> Session: Class initialized using 'CodeIgniter\Session\Handlers\FileHandler' driver.
INFO - 2024-10-05 15:12:22 --> Session: Class initialized using 'CodeIgniter\Session\Handlers\FileHandler' driver.
INFO - 2024-10-05 15:12:29 --> Session: Class initialized using 'CodeIgniter\Session\Handlers\FileHandler' driver.
ERROR - 2024-10-05 15:12:29 --> mysqli_sql_exception: Column 'NOUTILISATEUR' cannot be null in C:\xampp\htdocs\Projet_Training\BlogPlanete_CI4\system\Database\MySQLi\Connection.php:312
Stack trace:
#0 C:\xampp\htdocs\Projet_Training\BlogPlanete_CI4\system\Database\MySQLi\Connection.php(312): mysqli->query('INSERT INTO `av...', 0)
#1 C:\xampp\htdocs\Projet_Training\BlogPlanete_CI4\system\Database\BaseConnection.php(734): CodeIgniter\Database\MySQLi\Connection->execute('INSERT INTO `av...')
#2 C:\xampp\htdocs\Projet_Training\BlogPlanete_CI4\system\Database\BaseConnection.php(648): CodeIgniter\Database\BaseConnection->simpleQuery('INSERT INTO `av...')
#3 C:\xampp\htdocs\Projet_Training\BlogPlanete_CI4\system\Database\BaseBuilder.php(2340): CodeIgniter\Database\BaseConnection->query('INSERT INTO `av...', Array, false)
#4 C:\xampp\htdocs\Projet_Training\BlogPlanete_CI4\system\Model.php(394): CodeIgniter\Database\BaseBuilder->insert()
#5 C:\xampp\htdocs\Projet_Training\BlogPlanete_CI4\system\BaseModel.php(840): CodeIgniter\Model->doInsert(Array)
#6 C:\xampp\htdocs\Projet_Training\BlogPlanete_CI4\system\Model.php(802): CodeIgniter\BaseModel->insert(Array, false)
#7 C:\xampp\htdocs\Projet_Training\BlogPlanete_CI4\system\BaseModel.php(751): CodeIgniter\Model->insert(Array, false)
#8 C:\xampp\htdocs\Projet_Training\BlogPlanete_CI4\app\Controllers\Administrateur.php(148): CodeIgniter\BaseModel->save(Array)
#9 C:\xampp\htdocs\Projet_Training\BlogPlanete_CI4\system\CodeIgniter.php(933): App\Controllers\Administrateur->ajouterUnAvis()
#10 C:\xampp\htdocs\Projet_Training\BlogPlanete_CI4\system\CodeIgniter.php(509): CodeIgniter\CodeIgniter->runController(Object(App\Controllers\Administrateur))
#11 C:\xampp\htdocs\Projet_Training\BlogPlanete_CI4\system\CodeIgniter.php(355): CodeIgniter\CodeIgniter->handleRequest(NULL, Object(Config\Cache), false)
#12 C:\xampp\htdocs\Projet_Training\BlogPlanete_CI4\system\Boot.php(325): CodeIgniter\CodeIgniter->run()
#13 C:\xampp\htdocs\Projet_Training\BlogPlanete_CI4\system\Boot.php(67): CodeIgniter\Boot::runCodeIgniter(Object(CodeIgniter\CodeIgniter))
#14 C:\xampp\htdocs\Projet_Training\BlogPlanete_CI4\public\index.php(56): CodeIgniter\Boot::bootWeb(Object(Config\Paths))
#15 C:\xampp\htdocs\Projet_Training\BlogPlanete_CI4\system\rewrite.php(44): require_once('C:\\xampp\\htdocs...')
#16 {main}
CRITICAL - 2024-10-05 15:12:29 --> CodeIgniter\Database\Exceptions\DatabaseException: Column 'NOUTILISATEUR' cannot be null
[Method: POST, Route: administrateur/ajouterUnAvis]
in SYSTEMPATH\Database\BaseConnection.php on line 688.
 1 SYSTEMPATH\Database\BaseBuilder.php(2340): CodeIgniter\Database\BaseConnection->query('INSERT INTO `avis` (`NOARTICLE`, `NOUTILISATEUR`, `TITRE`, `CONTENU`) VALUES (:NOARTICLE:, :NOUTILISATEUR:, :TITRE:, :CONTENU:)', [...], false)
 2 SYSTEMPATH\Model.php(394): CodeIgniter\Database\BaseBuilder->insert()
 3 SYSTEMPATH\BaseModel.php(840): CodeIgniter\Model->doInsert([...])
 4 SYSTEMPATH\Model.php(802): CodeIgniter\BaseModel->insert([...], false)
 5 SYSTEMPATH\BaseModel.php(751): CodeIgniter\Model->insert([...], false)
 6 APPPATH\Controllers\Administrateur.php(148): CodeIgniter\BaseModel->save([...])
 7 SYSTEMPATH\CodeIgniter.php(933): App\Controllers\Administrateur->ajouterUnAvis()
 8 SYSTEMPATH\CodeIgniter.php(509): CodeIgniter\CodeIgniter->runController(Object(App\Controllers\Administrateur))
 9 SYSTEMPATH\CodeIgniter.php(355): CodeIgniter\CodeIgniter->handleRequest(null, Object(Config\Cache), false)
10 SYSTEMPATH\Boot.php(325): CodeIgniter\CodeIgniter->run()
11 SYSTEMPATH\Boot.php(67): CodeIgniter\Boot::runCodeIgniter(Object(CodeIgniter\CodeIgniter))
12 FCPATH\index.php(56): CodeIgniter\Boot::bootWeb(Object(Config\Paths))
13 SYSTEMPATH\rewrite.php(44): require_once('C:\\xampp\\htdocs\\Projet_Training\\BlogPlanete_CI4\\public\\index.php')
CRITICAL - 2024-10-05 15:12:29 --> [Caused by] CodeIgniter\Database\Exceptions\DatabaseException: Column 'NOUTILISATEUR' cannot be null
in SYSTEMPATH\Database\MySQLi\Connection.php on line 317.
 1 SYSTEMPATH\Database\BaseConnection.php(734): CodeIgniter\Database\MySQLi\Connection->execute('INSERT INTO `avis` (`NOARTICLE`, `NOUTILISATEUR`, `TITRE`, `CONTENU`) VALUES (0, NULL, \'test\', \'test\')')
 2 SYSTEMPATH\Database\BaseConnection.php(648): CodeIgniter\Database\BaseConnection->simpleQuery('INSERT INTO `avis` (`NOARTICLE`, `NOUTILISATEUR`, `TITRE`, `CONTENU`) VALUES (0, NULL, \'test\', \'test\')')
 3 SYSTEMPATH\Database\BaseBuilder.php(2340): CodeIgniter\Database\BaseConnection->query('INSERT INTO `avis` (`NOARTICLE`, `NOUTILISATEUR`, `TITRE`, `CONTENU`) VALUES (:NOARTICLE:, :NOUTILISATEUR:, :TITRE:, :CONTENU:)', [...], false)
 4 SYSTEMPATH\Model.php(394): CodeIgniter\Database\BaseBuilder->insert()
 5 SYSTEMPATH\BaseModel.php(840): CodeIgniter\Model->doInsert([...])
 6 SYSTEMPATH\Model.php(802): CodeIgniter\BaseModel->insert([...], false)
 7 SYSTEMPATH\BaseModel.php(751): CodeIgniter\Model->insert([...], false)
 8 APPPATH\Controllers\Administrateur.php(148): CodeIgniter\BaseModel->save([...])
 9 SYSTEMPATH\CodeIgniter.php(933): App\Controllers\Administrateur->ajouterUnAvis()
10 SYSTEMPATH\CodeIgniter.php(509): CodeIgniter\CodeIgniter->runController(Object(App\Controllers\Administrateur))
11 SYSTEMPATH\CodeIgniter.php(355): CodeIgniter\CodeIgniter->handleRequest(null, Object(Config\Cache), false)
12 SYSTEMPATH\Boot.php(325): CodeIgniter\CodeIgniter->run()
13 SYSTEMPATH\Boot.php(67): CodeIgniter\Boot::runCodeIgniter(Object(CodeIgniter\CodeIgniter))
14 FCPATH\index.php(56): CodeIgniter\Boot::bootWeb(Object(Config\Paths))
15 SYSTEMPATH\rewrite.php(44): require_once('C:\\xampp\\htdocs\\Projet_Training\\BlogPlanete_CI4\\public\\index.php')
CRITICAL - 2024-10-05 15:12:29 --> [Caused by] mysqli_sql_exception: Column 'NOUTILISATEUR' cannot be null
in SYSTEMPATH\Database\MySQLi\Connection.php on line 312.
 1 SYSTEMPATH\Database\MySQLi\Connection.php(312): mysqli->query('INSERT INTO `avis` (`NOARTICLE`, `NOUTILISATEUR`, `TITRE`, `CONTENU`) VALUES (0, NULL, \'test\', \'test\')', 0)
 2 SYSTEMPATH\Database\BaseConnection.php(734): CodeIgniter\Database\MySQLi\Connection->execute('INSERT INTO `avis` (`NOARTICLE`, `NOUTILISATEUR`, `TITRE`, `CONTENU`) VALUES (0, NULL, \'test\', \'test\')')
 3 SYSTEMPATH\Database\BaseConnection.php(648): CodeIgniter\Database\BaseConnection->simpleQuery('INSERT INTO `avis` (`NOARTICLE`, `NOUTILISATEUR`, `TITRE`, `CONTENU`) VALUES (0, NULL, \'test\', \'test\')')
 4 SYSTEMPATH\Database\BaseBuilder.php(2340): CodeIgniter\Database\BaseConnection->query('INSERT INTO `avis` (`NOARTICLE`, `NOUTILISATEUR`, `TITRE`, `CONTENU`) VALUES (:NOARTICLE:, :NOUTILISATEUR:, :TITRE:, :CONTENU:)', [...], false)
 5 SYSTEMPATH\Model.php(394): CodeIgniter\Database\BaseBuilder->insert()
 6 SYSTEMPATH\BaseModel.php(840): CodeIgniter\Model->doInsert([...])
 7 SYSTEMPATH\Model.php(802): CodeIgniter\BaseModel->insert([...], false)
 8 SYSTEMPATH\BaseModel.php(751): CodeIgniter\Model->insert([...], false)
 9 APPPATH\Controllers\Administrateur.php(148): CodeIgniter\BaseModel->save([...])
10 SYSTEMPATH\CodeIgniter.php(933): App\Controllers\Administrateur->ajouterUnAvis()
11 SYSTEMPATH\CodeIgniter.php(509): CodeIgniter\CodeIgniter->runController(Object(App\Controllers\Administrateur))
12 SYSTEMPATH\CodeIgniter.php(355): CodeIgniter\CodeIgniter->handleRequest(null, Object(Config\Cache), false)
13 SYSTEMPATH\Boot.php(325): CodeIgniter\CodeIgniter->run()
14 SYSTEMPATH\Boot.php(67): CodeIgniter\Boot::runCodeIgniter(Object(CodeIgniter\CodeIgniter))
15 FCPATH\index.php(56): CodeIgniter\Boot::bootWeb(Object(Config\Paths))
16 SYSTEMPATH\rewrite.php(44): require_once('C:\\xampp\\htdocs\\Projet_Training\\BlogPlanete_CI4\\public\\index.php')
INFO - 2024-10-05 15:12:32 --> Session: Class initialized using 'CodeIgniter\Session\Handlers\FileHandler' driver.
INFO - 2024-10-05 15:12:47 --> Session: Class initialized using 'CodeIgniter\Session\Handlers\FileHandler' driver.
INFO - 2024-10-05 15:13:03 --> Session: Class initialized using 'CodeIgniter\Session\Handlers\FileHandler' driver.
ERROR - 2024-10-05 15:13:03 --> mysqli_sql_exception: Operand should contain 1 column(s) in C:\xampp\htdocs\Projet_Training\BlogPlanete_CI4\system\Database\MySQLi\Connection.php:312
Stack trace:
#0 C:\xampp\htdocs\Projet_Training\BlogPlanete_CI4\system\Database\MySQLi\Connection.php(312): mysqli->query('INSERT INTO `av...', 0)
#1 C:\xampp\htdocs\Projet_Training\BlogPlanete_CI4\system\Database\BaseConnection.php(734): CodeIgniter\Database\MySQLi\Connection->execute('INSERT INTO `av...')
#2 C:\xampp\htdocs\Projet_Training\BlogPlanete_CI4\system\Database\BaseConnection.php(648): CodeIgniter\Database\BaseConnection->simpleQuery('INSERT INTO `av...')
#3 C:\xampp\htdocs\Projet_Training\BlogPlanete_CI4\system\Database\BaseBuilder.php(2340): CodeIgniter\Database\BaseConnection->query('INSERT INTO `av...', Array, false)
#4 C:\xampp\htdocs\Projet_Training\BlogPlanete_CI4\system\Model.php(394): CodeIgniter\Database\BaseBuilder->insert()
#5 C:\xampp\htdocs\Projet_Training\BlogPlanete_CI4\system\BaseModel.php(840): CodeIgniter\Model->doInsert(Array)
#6 C:\xampp\htdocs\Projet_Training\BlogPlanete_CI4\system\Model.php(802): CodeIgniter\BaseModel->insert(Array, false)
#7 C:\xampp\htdocs\Projet_Training\BlogPlanete_CI4\system\BaseModel.php(751): CodeIgniter\Model->insert(Array, false)
#8 C:\xampp\htdocs\Projet_Training\BlogPlanete_CI4\app\Controllers\Administrateur.php(148): CodeIgniter\BaseModel->save(Array)
#9 C:\xampp\htdocs\Projet_Training\BlogPlanete_CI4\system\CodeIgniter.php(933): App\Controllers\Administrateur->ajouterUnAvis()
#10 C:\xampp\htdocs\Projet_Training\BlogPlanete_CI4\system\CodeIgniter.php(509): CodeIgniter\CodeIgniter->runController(Object(App\Controllers\Administrateur))
#11 C:\xampp\htdocs\Projet_Training\BlogPlanete_CI4\system\CodeIgniter.php(355): CodeIgniter\CodeIgniter->handleRequest(NULL, Object(Config\Cache), false)
#12 C:\xampp\htdocs\Projet_Training\BlogPlanete_CI4\system\Boot.php(325): CodeIgniter\CodeIgniter->run()
#13 C:\xampp\htdocs\Projet_Training\BlogPlanete_CI4\system\Boot.php(67): CodeIgniter\Boot::runCodeIgniter(Object(CodeIgniter\CodeIgniter))
#14 C:\xampp\htdocs\Projet_Training\BlogPlanete_CI4\public\index.php(56): CodeIgniter\Boot::bootWeb(Object(Config\Paths))
#15 C:\xampp\htdocs\Projet_Training\BlogPlanete_CI4\system\rewrite.php(44): require_once('C:\\xampp\\htdocs...')
#16 {main}
CRITICAL - 2024-10-05 15:13:03 --> CodeIgniter\Database\Exceptions\DatabaseException: Operand should contain 1 column(s)
[Method: POST, Route: administrateur/ajouterUnAvis]
in SYSTEMPATH\Database\BaseConnection.php on line 688.
 1 SYSTEMPATH\Database\BaseBuilder.php(2340): CodeIgniter\Database\BaseConnection->query('INSERT INTO `avis` (`NOARTICLE`, `NOUTILISATEUR`, `TITRE`, `CONTENU`) VALUES (:NOARTICLE:, :NOUTILISATEUR:, :TITRE:, :CONTENU:)', [...], false)
 2 SYSTEMPATH\Model.php(394): CodeIgniter\Database\BaseBuilder->insert()
 3 SYSTEMPATH\BaseModel.php(840): CodeIgniter\Model->doInsert([...])
 4 SYSTEMPATH\Model.php(802): CodeIgniter\BaseModel->insert([...], false)
 5 SYSTEMPATH\BaseModel.php(751): CodeIgniter\Model->insert([...], false)
 6 APPPATH\Controllers\Administrateur.php(148): CodeIgniter\BaseModel->save([...])
 7 SYSTEMPATH\CodeIgniter.php(933): App\Controllers\Administrateur->ajouterUnAvis()
 8 SYSTEMPATH\CodeIgniter.php(509): CodeIgniter\CodeIgniter->runController(Object(App\Controllers\Administrateur))
 9 SYSTEMPATH\CodeIgniter.php(355): CodeIgniter\CodeIgniter->handleRequest(null, Object(Config\Cache), false)
10 SYSTEMPATH\Boot.php(325): CodeIgniter\CodeIgniter->run()
11 SYSTEMPATH\Boot.php(67): CodeIgniter\Boot::runCodeIgniter(Object(CodeIgniter\CodeIgniter))
12 FCPATH\index.php(56): CodeIgniter\Boot::bootWeb(Object(Config\Paths))
13 SYSTEMPATH\rewrite.php(44): require_once('C:\\xampp\\htdocs\\Projet_Training\\BlogPlanete_CI4\\public\\index.php')
CRITICAL - 2024-10-05 15:13:03 --> [Caused by] CodeIgniter\Database\Exceptions\DatabaseException: Operand should contain 1 column(s)
in SYSTEMPATH\Database\MySQLi\Connection.php on line 317.
 1 SYSTEMPATH\Database\BaseConnection.php(734): CodeIgniter\Database\MySQLi\Connection->execute('INSERT INTO `avis` (`NOARTICLE`, `NOUTILISATEUR`, `TITRE`, `CONTENU`) VALUES (0, (1728140958,\'http://localhost:8080/index.php/administrateur/ajouterUnAvis/4\',\'lulu\',\'1\'), \'test\', \'test\')')
 2 SYSTEMPATH\Database\BaseConnection.php(648): CodeIgniter\Database\BaseConnection->simpleQuery('INSERT INTO `avis` (`NOARTICLE`, `NOUTILISATEUR`, `TITRE`, `CONTENU`) VALUES (0, (1728140958,\'http://localhost:8080/index.php/administrateur/ajouterUnAvis/4\',\'lulu\',\'1\'), \'test\', \'test\')')
 3 SYSTEMPATH\Database\BaseBuilder.php(2340): CodeIgniter\Database\BaseConnection->query('INSERT INTO `avis` (`NOARTICLE`, `NOUTILISATEUR`, `TITRE`, `CONTENU`) VALUES (:NOARTICLE:, :NOUTILISATEUR:, :TITRE:, :CONTENU:)', [...], false)
 4 SYSTEMPATH\Model.php(394): CodeIgniter\Database\BaseBuilder->insert()
 5 SYSTEMPATH\BaseModel.php(840): CodeIgniter\Model->doInsert([...])
 6 SYSTEMPATH\Model.php(802): CodeIgniter\BaseModel->insert([...], false)
 7 SYSTEMPATH\BaseModel.php(751): CodeIgniter\Model->insert([...], false)
 8 APPPATH\Controllers\Administrateur.php(148): CodeIgniter\BaseModel->save([...])
 9 SYSTEMPATH\CodeIgniter.php(933): App\Controllers\Administrateur->ajouterUnAvis()
10 SYSTEMPATH\CodeIgniter.php(509): CodeIgniter\CodeIgniter->runController(Object(App\Controllers\Administrateur))
11 SYSTEMPATH\CodeIgniter.php(355): CodeIgniter\CodeIgniter->handleRequest(null, Object(Config\Cache), false)
12 SYSTEMPATH\Boot.php(325): CodeIgniter\CodeIgniter->run()
13 SYSTEMPATH\Boot.php(67): CodeIgniter\Boot::runCodeIgniter(Object(CodeIgniter\CodeIgniter))
14 FCPATH\index.php(56): CodeIgniter\Boot::bootWeb(Object(Config\Paths))
15 SYSTEMPATH\rewrite.php(44): require_once('C:\\xampp\\htdocs\\Projet_Training\\BlogPlanete_CI4\\public\\index.php')
CRITICAL - 2024-10-05 15:13:03 --> [Caused by] mysqli_sql_exception: Operand should contain 1 column(s)
in SYSTEMPATH\Database\MySQLi\Connection.php on line 312.
 1 SYSTEMPATH\Database\MySQLi\Connection.php(312): mysqli->query('INSERT INTO `avis` (`NOARTICLE`, `NOUTILISATEUR`, `TITRE`, `CONTENU`) VALUES (0, (1728140958,\'http://localhost:8080/index.php/administrateur/ajouterUnAvis/4\',\'lulu\',\'1\'), \'test\', \'test\')', 0)
 2 SYSTEMPATH\Database\BaseConnection.php(734): CodeIgniter\Database\MySQLi\Connection->execute('INSERT INTO `avis` (`NOARTICLE`, `NOUTILISATEUR`, `TITRE`, `CONTENU`) VALUES (0, (1728140958,\'http://localhost:8080/index.php/administrateur/ajouterUnAvis/4\',\'lulu\',\'1\'), \'test\', \'test\')')
 3 SYSTEMPATH\Database\BaseConnection.php(648): CodeIgniter\Database\BaseConnection->simpleQuery('INSERT INTO `avis` (`NOARTICLE`, `NOUTILISATEUR`, `TITRE`, `CONTENU`) VALUES (0, (1728140958,\'http://localhost:8080/index.php/administrateur/ajouterUnAvis/4\',\'lulu\',\'1\'), \'test\', \'test\')')
 4 SYSTEMPATH\Database\BaseBuilder.php(2340): CodeIgniter\Database\BaseConnection->query('INSERT INTO `avis` (`NOARTICLE`, `NOUTILISATEUR`, `TITRE`, `CONTENU`) VALUES (:NOARTICLE:, :NOUTILISATEUR:, :TITRE:, :CONTENU:)', [...], false)
 5 SYSTEMPATH\Model.php(394): CodeIgniter\Database\BaseBuilder->insert()
 6 SYSTEMPATH\BaseModel.php(840): CodeIgniter\Model->doInsert([...])
 7 SYSTEMPATH\Model.php(802): CodeIgniter\BaseModel->insert([...], false)
 8 SYSTEMPATH\BaseModel.php(751): CodeIgniter\Model->insert([...], false)
 9 APPPATH\Controllers\Administrateur.php(148): CodeIgniter\BaseModel->save([...])
10 SYSTEMPATH\CodeIgniter.php(933): App\Controllers\Administrateur->ajouterUnAvis()
11 SYSTEMPATH\CodeIgniter.php(509): CodeIgniter\CodeIgniter->runController(Object(App\Controllers\Administrateur))
12 SYSTEMPATH\CodeIgniter.php(355): CodeIgniter\CodeIgniter->handleRequest(null, Object(Config\Cache), false)
13 SYSTEMPATH\Boot.php(325): CodeIgniter\CodeIgniter->run()
14 SYSTEMPATH\Boot.php(67): CodeIgniter\Boot::runCodeIgniter(Object(CodeIgniter\CodeIgniter))
15 FCPATH\index.php(56): CodeIgniter\Boot::bootWeb(Object(Config\Paths))
16 SYSTEMPATH\rewrite.php(44): require_once('C:\\xampp\\htdocs\\Projet_Training\\BlogPlanete_CI4\\public\\index.php')
INFO - 2024-10-05 15:13:18 --> Session: Class initialized using 'CodeIgniter\Session\Handlers\FileHandler' driver.
INFO - 2024-10-05 15:15:04 --> Session: Class initialized using 'CodeIgniter\Session\Handlers\FileHandler' driver.
INFO - 2024-10-05 15:15:51 --> Session: Class initialized using 'CodeIgniter\Session\Handlers\FileHandler' driver.
INFO - 2024-10-05 15:16:05 --> Session: Class initialized using 'CodeIgniter\Session\Handlers\FileHandler' driver.
INFO - 2024-10-05 15:16:05 --> Session: Class initialized using 'CodeIgniter\Session\Handlers\FileHandler' driver.
INFO - 2024-10-05 15:21:19 --> Session: Class initialized using 'CodeIgniter\Session\Handlers\FileHandler' driver.
INFO - 2024-10-05 15:21:21 --> Session: Class initialized using 'CodeIgniter\Session\Handlers\FileHandler' driver.
INFO - 2024-10-05 15:22:00 --> Session: Class initialized using 'CodeIgniter\Session\Handlers\FileHandler' driver.
INFO - 2024-10-05 15:22:00 --> Session: Class initialized using 'CodeIgniter\Session\Handlers\FileHandler' driver.
INFO - 2024-10-05 15:23:18 --> Session: Class initialized using 'CodeIgniter\Session\Handlers\FileHandler' driver.
CRITICAL - 2024-10-05 15:23:24 --> ArgumentCountError: Too few arguments to function App\Controllers\Administrateur::ajouterUnAvis(), 1 passed in C:\xampp\htdocs\Projet_Training\BlogPlanete_CI4\system\CodeIgniter.php on line 933 and exactly 2 expected
[Method: GET, Route: administrateur/ajouterUnAvis/4]
in APPPATH\Controllers\Administrateur.php on line 106.
 1 SYSTEMPATH\CodeIgniter.php(933): App\Controllers\Administrateur->ajouterUnAvis('4')
 2 SYSTEMPATH\CodeIgniter.php(509): CodeIgniter\CodeIgniter->runController(Object(App\Controllers\Administrateur))
 3 SYSTEMPATH\CodeIgniter.php(355): CodeIgniter\CodeIgniter->handleRequest(null, Object(Config\Cache), false)
 4 SYSTEMPATH\Boot.php(325): CodeIgniter\CodeIgniter->run()
 5 SYSTEMPATH\Boot.php(67): CodeIgniter\Boot::runCodeIgniter(Object(CodeIgniter\CodeIgniter))
 6 FCPATH\index.php(56): CodeIgniter\Boot::bootWeb(Object(Config\Paths))
 7 SYSTEMPATH\rewrite.php(44): require_once('C:\\xampp\\htdocs\\Projet_Training\\BlogPlanete_CI4\\public\\index.php')
INFO - 2024-10-05 15:24:04 --> Session: Class initialized using 'CodeIgniter\Session\Handlers\FileHandler' driver.
WARNING - 2024-10-05 15:24:09 --> [DEPRECATED] Optional parameter $NoArticle declared before required parameter $NoUser is implicitly treated as a required parameter in APPPATH\Controllers\Administrateur.php on line 106.
 1 SYSTEMPATH\Router\AutoRouter.php(147): include_once('C:\\xampp\\htdocs\\Projet_Training\\BlogPlanete_CI4\\system\\Debug\\Exceptions.php')
 2 SYSTEMPATH\Router\Router.php(563): CodeIgniter\Router\AutoRouter->getRoute('administrateur/ajouterUnAvis/4', 'GET')
 3 SYSTEMPATH\Router\Router.php(228): CodeIgniter\Router\Router->autoRoute('administrateur/ajouterUnAvis/4')
 4 SYSTEMPATH\CodeIgniter.php(834): CodeIgniter\Router\Router->handle('administrateur/ajouterUnAvis/4')
 5 SYSTEMPATH\CodeIgniter.php(457): CodeIgniter\CodeIgniter->tryToRouteIt(Object(CodeIgniter\Router\RouteCollection))
 6 SYSTEMPATH\CodeIgniter.php(355): CodeIgniter\CodeIgniter->handleRequest(null, Object(Config\Cache), false)
 7 SYSTEMPATH\Boot.php(325): CodeIgniter\CodeIgniter->run()
 8 SYSTEMPATH\Boot.php(67): CodeIgniter\Boot::runCodeIgniter(Object(CodeIgniter\CodeIgniter))
 9 FCPATH\index.php(56): CodeIgniter\Boot::bootWeb(Object(Config\Paths))
10 SYSTEMPATH\rewrite.php(44): require_once('C:\\xampp\\htdocs\\Projet_Training\\BlogPlanete_CI4\\public\\index.php')
CRITICAL - 2024-10-05 15:24:09 --> ArgumentCountError: Too few arguments to function App\Controllers\Administrateur::ajouterUnAvis(), 1 passed in C:\xampp\htdocs\Projet_Training\BlogPlanete_CI4\system\CodeIgniter.php on line 933 and exactly 2 expected
[Method: GET, Route: administrateur/ajouterUnAvis/4]
in APPPATH\Controllers\Administrateur.php on line 0.
 1 SYSTEMPATH\CodeIgniter.php(933): App\Controllers\Administrateur->ajouterUnAvis('4')
 2 SYSTEMPATH\CodeIgniter.php(509): CodeIgniter\CodeIgniter->runController(Object(App\Controllers\Administrateur))
 3 SYSTEMPATH\CodeIgniter.php(355): CodeIgniter\CodeIgniter->handleRequest(null, Object(Config\Cache), false)
 4 SYSTEMPATH\Boot.php(325): CodeIgniter\CodeIgniter->run()
 5 SYSTEMPATH\Boot.php(67): CodeIgniter\Boot::runCodeIgniter(Object(CodeIgniter\CodeIgniter))
 6 FCPATH\index.php(56): CodeIgniter\Boot::bootWeb(Object(Config\Paths))
 7 SYSTEMPATH\rewrite.php(44): require_once('C:\\xampp\\htdocs\\Projet_Training\\BlogPlanete_CI4\\public\\index.php')
INFO - 2024-10-05 15:24:23 --> Session: Class initialized using 'CodeIgniter\Session\Handlers\FileHandler' driver.
INFO - 2024-10-05 15:24:42 --> Session: Class initialized using 'CodeIgniter\Session\Handlers\FileHandler' driver.
ERROR - 2024-10-05 15:24:42 --> mysqli_sql_exception: Column 'NOARTICLE' cannot be null in C:\xampp\htdocs\Projet_Training\BlogPlanete_CI4\system\Database\MySQLi\Connection.php:312
Stack trace:
#0 C:\xampp\htdocs\Projet_Training\BlogPlanete_CI4\system\Database\MySQLi\Connection.php(312): mysqli->query('INSERT INTO `av...', 0)
#1 C:\xampp\htdocs\Projet_Training\BlogPlanete_CI4\system\Database\BaseConnection.php(734): CodeIgniter\Database\MySQLi\Connection->execute('INSERT INTO `av...')
#2 C:\xampp\htdocs\Projet_Training\BlogPlanete_CI4\system\Database\BaseConnection.php(648): CodeIgniter\Database\BaseConnection->simpleQuery('INSERT INTO `av...')
#3 C:\xampp\htdocs\Projet_Training\BlogPlanete_CI4\system\Database\BaseBuilder.php(2340): CodeIgniter\Database\BaseConnection->query('INSERT INTO `av...', Array, false)
#4 C:\xampp\htdocs\Projet_Training\BlogPlanete_CI4\system\Model.php(394): CodeIgniter\Database\BaseBuilder->insert()
#5 C:\xampp\htdocs\Projet_Training\BlogPlanete_CI4\system\BaseModel.php(840): CodeIgniter\Model->doInsert(Array)
#6 C:\xampp\htdocs\Projet_Training\BlogPlanete_CI4\system\Model.php(802): CodeIgniter\BaseModel->insert(Array, false)
#7 C:\xampp\htdocs\Projet_Training\BlogPlanete_CI4\system\BaseModel.php(751): CodeIgniter\Model->insert(Array, false)
#8 C:\xampp\htdocs\Projet_Training\BlogPlanete_CI4\app\Controllers\Administrateur.php(148): CodeIgniter\BaseModel->save(Array)
#9 C:\xampp\htdocs\Projet_Training\BlogPlanete_CI4\system\CodeIgniter.php(933): App\Controllers\Administrateur->ajouterUnAvis()
#10 C:\xampp\htdocs\Projet_Training\BlogPlanete_CI4\system\CodeIgniter.php(509): CodeIgniter\CodeIgniter->runController(Object(App\Controllers\Administrateur))
#11 C:\xampp\htdocs\Projet_Training\BlogPlanete_CI4\system\CodeIgniter.php(355): CodeIgniter\CodeIgniter->handleRequest(NULL, Object(Config\Cache), false)
#12 C:\xampp\htdocs\Projet_Training\BlogPlanete_CI4\system\Boot.php(325): CodeIgniter\CodeIgniter->run()
#13 C:\xampp\htdocs\Projet_Training\BlogPlanete_CI4\system\Boot.php(67): CodeIgniter\Boot::runCodeIgniter(Object(CodeIgniter\CodeIgniter))
#14 C:\xampp\htdocs\Projet_Training\BlogPlanete_CI4\public\index.php(56): CodeIgniter\Boot::bootWeb(Object(Config\Paths))
#15 C:\xampp\htdocs\Projet_Training\BlogPlanete_CI4\system\rewrite.php(44): require_once('C:\\xampp\\htdocs...')
#16 {main}
CRITICAL - 2024-10-05 15:24:42 --> CodeIgniter\Database\Exceptions\DatabaseException: Column 'NOARTICLE' cannot be null
[Method: POST, Route: administrateur/ajouterUnAvis]
in SYSTEMPATH\Database\BaseConnection.php on line 688.
 1 SYSTEMPATH\Database\BaseBuilder.php(2340): CodeIgniter\Database\BaseConnection->query('INSERT INTO `avis` (`NOARTICLE`, `NOUTILISATEUR`, `TITRE`, `CONTENU`) VALUES (:NOARTICLE:, :NOUTILISATEUR:, :TITRE:, :CONTENU:)', [...], false)
 2 SYSTEMPATH\Model.php(394): CodeIgniter\Database\BaseBuilder->insert()
 3 SYSTEMPATH\BaseModel.php(840): CodeIgniter\Model->doInsert([...])
 4 SYSTEMPATH\Model.php(802): CodeIgniter\BaseModel->insert([...], false)
 5 SYSTEMPATH\BaseModel.php(751): CodeIgniter\Model->insert([...], false)
 6 APPPATH\Controllers\Administrateur.php(148): CodeIgniter\BaseModel->save([...])
 7 SYSTEMPATH\CodeIgniter.php(933): App\Controllers\Administrateur->ajouterUnAvis()
 8 SYSTEMPATH\CodeIgniter.php(509): CodeIgniter\CodeIgniter->runController(Object(App\Controllers\Administrateur))
 9 SYSTEMPATH\CodeIgniter.php(355): CodeIgniter\CodeIgniter->handleRequest(null, Object(Config\Cache), false)
10 SYSTEMPATH\Boot.php(325): CodeIgniter\CodeIgniter->run()
11 SYSTEMPATH\Boot.php(67): CodeIgniter\Boot::runCodeIgniter(Object(CodeIgniter\CodeIgniter))
12 FCPATH\index.php(56): CodeIgniter\Boot::bootWeb(Object(Config\Paths))
13 SYSTEMPATH\rewrite.php(44): require_once('C:\\xampp\\htdocs\\Projet_Training\\BlogPlanete_CI4\\public\\index.php')
CRITICAL - 2024-10-05 15:24:42 --> [Caused by] CodeIgniter\Database\Exceptions\DatabaseException: Column 'NOARTICLE' cannot be null
in SYSTEMPATH\Database\MySQLi\Connection.php on line 317.
 1 SYSTEMPATH\Database\BaseConnection.php(734): CodeIgniter\Database\MySQLi\Connection->execute('INSERT INTO `avis` (`NOARTICLE`, `NOUTILISATEUR`, `TITRE`, `CONTENU`) VALUES (NULL, NULL, \'test\', \'test\')')
 2 SYSTEMPATH\Database\BaseConnection.php(648): CodeIgniter\Database\BaseConnection->simpleQuery('INSERT INTO `avis` (`NOARTICLE`, `NOUTILISATEUR`, `TITRE`, `CONTENU`) VALUES (NULL, NULL, \'test\', \'test\')')
 3 SYSTEMPATH\Database\BaseBuilder.php(2340): CodeIgniter\Database\BaseConnection->query('INSERT INTO `avis` (`NOARTICLE`, `NOUTILISATEUR`, `TITRE`, `CONTENU`) VALUES (:NOARTICLE:, :NOUTILISATEUR:, :TITRE:, :CONTENU:)', [...], false)
 4 SYSTEMPATH\Model.php(394): CodeIgniter\Database\BaseBuilder->insert()
 5 SYSTEMPATH\BaseModel.php(840): CodeIgniter\Model->doInsert([...])
 6 SYSTEMPATH\Model.php(802): CodeIgniter\BaseModel->insert([...], false)
 7 SYSTEMPATH\BaseModel.php(751): CodeIgniter\Model->insert([...], false)
 8 APPPATH\Controllers\Administrateur.php(148): CodeIgniter\BaseModel->save([...])
 9 SYSTEMPATH\CodeIgniter.php(933): App\Controllers\Administrateur->ajouterUnAvis()
10 SYSTEMPATH\CodeIgniter.php(509): CodeIgniter\CodeIgniter->runController(Object(App\Controllers\Administrateur))
11 SYSTEMPATH\CodeIgniter.php(355): CodeIgniter\CodeIgniter->handleRequest(null, Object(Config\Cache), false)
12 SYSTEMPATH\Boot.php(325): CodeIgniter\CodeIgniter->run()
13 SYSTEMPATH\Boot.php(67): CodeIgniter\Boot::runCodeIgniter(Object(CodeIgniter\CodeIgniter))
14 FCPATH\index.php(56): CodeIgniter\Boot::bootWeb(Object(Config\Paths))
15 SYSTEMPATH\rewrite.php(44): require_once('C:\\xampp\\htdocs\\Projet_Training\\BlogPlanete_CI4\\public\\index.php')
CRITICAL - 2024-10-05 15:24:42 --> [Caused by] mysqli_sql_exception: Column 'NOARTICLE' cannot be null
in SYSTEMPATH\Database\MySQLi\Connection.php on line 312.
 1 SYSTEMPATH\Database\MySQLi\Connection.php(312): mysqli->query('INSERT INTO `avis` (`NOARTICLE`, `NOUTILISATEUR`, `TITRE`, `CONTENU`) VALUES (NULL, NULL, \'test\', \'test\')', 0)
 2 SYSTEMPATH\Database\BaseConnection.php(734): CodeIgniter\Database\MySQLi\Connection->execute('INSERT INTO `avis` (`NOARTICLE`, `NOUTILISATEUR`, `TITRE`, `CONTENU`) VALUES (NULL, NULL, \'test\', \'test\')')
 3 SYSTEMPATH\Database\BaseConnection.php(648): CodeIgniter\Database\BaseConnection->simpleQuery('INSERT INTO `avis` (`NOARTICLE`, `NOUTILISATEUR`, `TITRE`, `CONTENU`) VALUES (NULL, NULL, \'test\', \'test\')')
 4 SYSTEMPATH\Database\BaseBuilder.php(2340): CodeIgniter\Database\BaseConnection->query('INSERT INTO `avis` (`NOARTICLE`, `NOUTILISATEUR`, `TITRE`, `CONTENU`) VALUES (:NOARTICLE:, :NOUTILISATEUR:, :TITRE:, :CONTENU:)', [...], false)
 5 SYSTEMPATH\Model.php(394): CodeIgniter\Database\BaseBuilder->insert()
 6 SYSTEMPATH\BaseModel.php(840): CodeIgniter\Model->doInsert([...])
 7 SYSTEMPATH\Model.php(802): CodeIgniter\BaseModel->insert([...], false)
 8 SYSTEMPATH\BaseModel.php(751): CodeIgniter\Model->insert([...], false)
 9 APPPATH\Controllers\Administrateur.php(148): CodeIgniter\BaseModel->save([...])
10 SYSTEMPATH\CodeIgniter.php(933): App\Controllers\Administrateur->ajouterUnAvis()
11 SYSTEMPATH\CodeIgniter.php(509): CodeIgniter\CodeIgniter->runController(Object(App\Controllers\Administrateur))
12 SYSTEMPATH\CodeIgniter.php(355): CodeIgniter\CodeIgniter->handleRequest(null, Object(Config\Cache), false)
13 SYSTEMPATH\Boot.php(325): CodeIgniter\CodeIgniter->run()
14 SYSTEMPATH\Boot.php(67): CodeIgniter\Boot::runCodeIgniter(Object(CodeIgniter\CodeIgniter))
15 FCPATH\index.php(56): CodeIgniter\Boot::bootWeb(Object(Config\Paths))
16 SYSTEMPATH\rewrite.php(44): require_once('C:\\xampp\\htdocs\\Projet_Training\\BlogPlanete_CI4\\public\\index.php')
INFO - 2024-10-05 15:24:45 --> Session: Class initialized using 'CodeIgniter\Session\Handlers\FileHandler' driver.
INFO - 2024-10-05 15:38:34 --> Session: Class initialized using 'CodeIgniter\Session\Handlers\FileHandler' driver.
INFO - 2024-10-05 15:38:45 --> Session: Class initialized using 'CodeIgniter\Session\Handlers\FileHandler' driver.
ERROR - 2024-10-05 15:38:45 --> mysqli_sql_exception: Column 'NOARTICLE' cannot be null in C:\xampp\htdocs\Projet_Training\BlogPlanete_CI4\system\Database\MySQLi\Connection.php:312
Stack trace:
#0 C:\xampp\htdocs\Projet_Training\BlogPlanete_CI4\system\Database\MySQLi\Connection.php(312): mysqli->query('INSERT INTO `av...', 0)
#1 C:\xampp\htdocs\Projet_Training\BlogPlanete_CI4\system\Database\BaseConnection.php(734): CodeIgniter\Database\MySQLi\Connection->execute('INSERT INTO `av...')
#2 C:\xampp\htdocs\Projet_Training\BlogPlanete_CI4\system\Database\BaseConnection.php(648): CodeIgniter\Database\BaseConnection->simpleQuery('INSERT INTO `av...')
#3 C:\xampp\htdocs\Projet_Training\BlogPlanete_CI4\system\Database\BaseBuilder.php(2340): CodeIgniter\Database\BaseConnection->query('INSERT INTO `av...', Array, false)
#4 C:\xampp\htdocs\Projet_Training\BlogPlanete_CI4\system\Model.php(394): CodeIgniter\Database\BaseBuilder->insert()
#5 C:\xampp\htdocs\Projet_Training\BlogPlanete_CI4\system\BaseModel.php(840): CodeIgniter\Model->doInsert(Array)
#6 C:\xampp\htdocs\Projet_Training\BlogPlanete_CI4\system\Model.php(802): CodeIgniter\BaseModel->insert(Array, false)
#7 C:\xampp\htdocs\Projet_Training\BlogPlanete_CI4\system\BaseModel.php(751): CodeIgniter\Model->insert(Array, false)
#8 C:\xampp\htdocs\Projet_Training\BlogPlanete_CI4\app\Controllers\Administrateur.php(148): CodeIgniter\BaseModel->save(Array)
#9 C:\xampp\htdocs\Projet_Training\BlogPlanete_CI4\system\CodeIgniter.php(933): App\Controllers\Administrateur->ajouterUnAvis()
#10 C:\xampp\htdocs\Projet_Training\BlogPlanete_CI4\system\CodeIgniter.php(509): CodeIgniter\CodeIgniter->runController(Object(App\Controllers\Administrateur))
#11 C:\xampp\htdocs\Projet_Training\BlogPlanete_CI4\system\CodeIgniter.php(355): CodeIgniter\CodeIgniter->handleRequest(NULL, Object(Config\Cache), false)
#12 C:\xampp\htdocs\Projet_Training\BlogPlanete_CI4\system\Boot.php(325): CodeIgniter\CodeIgniter->run()
#13 C:\xampp\htdocs\Projet_Training\BlogPlanete_CI4\system\Boot.php(67): CodeIgniter\Boot::runCodeIgniter(Object(CodeIgniter\CodeIgniter))
#14 C:\xampp\htdocs\Projet_Training\BlogPlanete_CI4\public\index.php(56): CodeIgniter\Boot::bootWeb(Object(Config\Paths))
#15 C:\xampp\htdocs\Projet_Training\BlogPlanete_CI4\system\rewrite.php(44): require_once('C:\\xampp\\htdocs...')
#16 {main}
CRITICAL - 2024-10-05 15:38:45 --> CodeIgniter\Database\Exceptions\DatabaseException: Column 'NOARTICLE' cannot be null
[Method: POST, Route: administrateur/ajouterUnAvis]
in SYSTEMPATH\Database\BaseConnection.php on line 688.
 1 SYSTEMPATH\Database\BaseBuilder.php(2340): CodeIgniter\Database\BaseConnection->query('INSERT INTO `avis` (`NOARTICLE`, `NOUTILISATEUR`, `TITRE`, `CONTENU`) VALUES (:NOARTICLE:, :NOUTILISATEUR:, :TITRE:, :CONTENU:)', [...], false)
 2 SYSTEMPATH\Model.php(394): CodeIgniter\Database\BaseBuilder->insert()
 3 SYSTEMPATH\BaseModel.php(840): CodeIgniter\Model->doInsert([...])
 4 SYSTEMPATH\Model.php(802): CodeIgniter\BaseModel->insert([...], false)
 5 SYSTEMPATH\BaseModel.php(751): CodeIgniter\Model->insert([...], false)
 6 APPPATH\Controllers\Administrateur.php(148): CodeIgniter\BaseModel->save([...])
 7 SYSTEMPATH\CodeIgniter.php(933): App\Controllers\Administrateur->ajouterUnAvis()
 8 SYSTEMPATH\CodeIgniter.php(509): CodeIgniter\CodeIgniter->runController(Object(App\Controllers\Administrateur))
 9 SYSTEMPATH\CodeIgniter.php(355): CodeIgniter\CodeIgniter->handleRequest(null, Object(Config\Cache), false)
10 SYSTEMPATH\Boot.php(325): CodeIgniter\CodeIgniter->run()
11 SYSTEMPATH\Boot.php(67): CodeIgniter\Boot::runCodeIgniter(Object(CodeIgniter\CodeIgniter))
12 FCPATH\index.php(56): CodeIgniter\Boot::bootWeb(Object(Config\Paths))
13 SYSTEMPATH\rewrite.php(44): require_once('C:\\xampp\\htdocs\\Projet_Training\\BlogPlanete_CI4\\public\\index.php')
CRITICAL - 2024-10-05 15:38:45 --> [Caused by] CodeIgniter\Database\Exceptions\DatabaseException: Column 'NOARTICLE' cannot be null
in SYSTEMPATH\Database\MySQLi\Connection.php on line 317.
 1 SYSTEMPATH\Database\BaseConnection.php(734): CodeIgniter\Database\MySQLi\Connection->execute('INSERT INTO `avis` (`NOARTICLE`, `NOUTILISATEUR`, `TITRE`, `CONTENU`) VALUES (NULL, NULL, \'test\', \'test\')')
 2 SYSTEMPATH\Database\BaseConnection.php(648): CodeIgniter\Database\BaseConnection->simpleQuery('INSERT INTO `avis` (`NOARTICLE`, `NOUTILISATEUR`, `TITRE`, `CONTENU`) VALUES (NULL, NULL, \'test\', \'test\')')
 3 SYSTEMPATH\Database\BaseBuilder.php(2340): CodeIgniter\Database\BaseConnection->query('INSERT INTO `avis` (`NOARTICLE`, `NOUTILISATEUR`, `TITRE`, `CONTENU`) VALUES (:NOARTICLE:, :NOUTILISATEUR:, :TITRE:, :CONTENU:)', [...], false)
 4 SYSTEMPATH\Model.php(394): CodeIgniter\Database\BaseBuilder->insert()
 5 SYSTEMPATH\BaseModel.php(840): CodeIgniter\Model->doInsert([...])
 6 SYSTEMPATH\Model.php(802): CodeIgniter\BaseModel->insert([...], false)
 7 SYSTEMPATH\BaseModel.php(751): CodeIgniter\Model->insert([...], false)
 8 APPPATH\Controllers\Administrateur.php(148): CodeIgniter\BaseModel->save([...])
 9 SYSTEMPATH\CodeIgniter.php(933): App\Controllers\Administrateur->ajouterUnAvis()
10 SYSTEMPATH\CodeIgniter.php(509): CodeIgniter\CodeIgniter->runController(Object(App\Controllers\Administrateur))
11 SYSTEMPATH\CodeIgniter.php(355): CodeIgniter\CodeIgniter->handleRequest(null, Object(Config\Cache), false)
12 SYSTEMPATH\Boot.php(325): CodeIgniter\CodeIgniter->run()
13 SYSTEMPATH\Boot.php(67): CodeIgniter\Boot::runCodeIgniter(Object(CodeIgniter\CodeIgniter))
14 FCPATH\index.php(56): CodeIgniter\Boot::bootWeb(Object(Config\Paths))
15 SYSTEMPATH\rewrite.php(44): require_once('C:\\xampp\\htdocs\\Projet_Training\\BlogPlanete_CI4\\public\\index.php')
CRITICAL - 2024-10-05 15:38:45 --> [Caused by] mysqli_sql_exception: Column 'NOARTICLE' cannot be null
in SYSTEMPATH\Database\MySQLi\Connection.php on line 312.
 1 SYSTEMPATH\Database\MySQLi\Connection.php(312): mysqli->query('INSERT INTO `avis` (`NOARTICLE`, `NOUTILISATEUR`, `TITRE`, `CONTENU`) VALUES (NULL, NULL, \'test\', \'test\')', 0)
 2 SYSTEMPATH\Database\BaseConnection.php(734): CodeIgniter\Database\MySQLi\Connection->execute('INSERT INTO `avis` (`NOARTICLE`, `NOUTILISATEUR`, `TITRE`, `CONTENU`) VALUES (NULL, NULL, \'test\', \'test\')')
 3 SYSTEMPATH\Database\BaseConnection.php(648): CodeIgniter\Database\BaseConnection->simpleQuery('INSERT INTO `avis` (`NOARTICLE`, `NOUTILISATEUR`, `TITRE`, `CONTENU`) VALUES (NULL, NULL, \'test\', \'test\')')
 4 SYSTEMPATH\Database\BaseBuilder.php(2340): CodeIgniter\Database\BaseConnection->query('INSERT INTO `avis` (`NOARTICLE`, `NOUTILISATEUR`, `TITRE`, `CONTENU`) VALUES (:NOARTICLE:, :NOUTILISATEUR:, :TITRE:, :CONTENU:)', [...], false)
 5 SYSTEMPATH\Model.php(394): CodeIgniter\Database\BaseBuilder->insert()
 6 SYSTEMPATH\BaseModel.php(840): CodeIgniter\Model->doInsert([...])
 7 SYSTEMPATH\Model.php(802): CodeIgniter\BaseModel->insert([...], false)
 8 SYSTEMPATH\BaseModel.php(751): CodeIgniter\Model->insert([...], false)
 9 APPPATH\Controllers\Administrateur.php(148): CodeIgniter\BaseModel->save([...])
10 SYSTEMPATH\CodeIgniter.php(933): App\Controllers\Administrateur->ajouterUnAvis()
11 SYSTEMPATH\CodeIgniter.php(509): CodeIgniter\CodeIgniter->runController(Object(App\Controllers\Administrateur))
12 SYSTEMPATH\CodeIgniter.php(355): CodeIgniter\CodeIgniter->handleRequest(null, Object(Config\Cache), false)
13 SYSTEMPATH\Boot.php(325): CodeIgniter\CodeIgniter->run()
14 SYSTEMPATH\Boot.php(67): CodeIgniter\Boot::runCodeIgniter(Object(CodeIgniter\CodeIgniter))
15 FCPATH\index.php(56): CodeIgniter\Boot::bootWeb(Object(Config\Paths))
16 SYSTEMPATH\rewrite.php(44): require_once('C:\\xampp\\htdocs\\Projet_Training\\BlogPlanete_CI4\\public\\index.php')
INFO - 2024-10-05 15:38:49 --> Session: Class initialized using 'CodeIgniter\Session\Handlers\FileHandler' driver.
INFO - 2024-10-05 15:40:12 --> Session: Class initialized using 'CodeIgniter\Session\Handlers\FileHandler' driver.
INFO - 2024-10-05 15:40:16 --> Session: Class initialized using 'CodeIgniter\Session\Handlers\FileHandler' driver.
ERROR - 2024-10-05 15:40:16 --> mysqli_sql_exception: Column 'NOARTICLE' cannot be null in C:\xampp\htdocs\Projet_Training\BlogPlanete_CI4\system\Database\MySQLi\Connection.php:312
Stack trace:
#0 C:\xampp\htdocs\Projet_Training\BlogPlanete_CI4\system\Database\MySQLi\Connection.php(312): mysqli->query('INSERT INTO `av...', 0)
#1 C:\xampp\htdocs\Projet_Training\BlogPlanete_CI4\system\Database\BaseConnection.php(734): CodeIgniter\Database\MySQLi\Connection->execute('INSERT INTO `av...')
#2 C:\xampp\htdocs\Projet_Training\BlogPlanete_CI4\system\Database\BaseConnection.php(648): CodeIgniter\Database\BaseConnection->simpleQuery('INSERT INTO `av...')
#3 C:\xampp\htdocs\Projet_Training\BlogPlanete_CI4\system\Database\BaseBuilder.php(2340): CodeIgniter\Database\BaseConnection->query('INSERT INTO `av...', Array, false)
#4 C:\xampp\htdocs\Projet_Training\BlogPlanete_CI4\system\Model.php(394): CodeIgniter\Database\BaseBuilder->insert()
#5 C:\xampp\htdocs\Projet_Training\BlogPlanete_CI4\system\BaseModel.php(840): CodeIgniter\Model->doInsert(Array)
#6 C:\xampp\htdocs\Projet_Training\BlogPlanete_CI4\system\Model.php(802): CodeIgniter\BaseModel->insert(Array, false)
#7 C:\xampp\htdocs\Projet_Training\BlogPlanete_CI4\system\BaseModel.php(751): CodeIgniter\Model->insert(Array, false)
#8 C:\xampp\htdocs\Projet_Training\BlogPlanete_CI4\app\Controllers\Administrateur.php(147): CodeIgniter\BaseModel->save(Array)
#9 C:\xampp\htdocs\Projet_Training\BlogPlanete_CI4\system\CodeIgniter.php(933): App\Controllers\Administrateur->ajouterUnAvis()
#10 C:\xampp\htdocs\Projet_Training\BlogPlanete_CI4\system\CodeIgniter.php(509): CodeIgniter\CodeIgniter->runController(Object(App\Controllers\Administrateur))
#11 C:\xampp\htdocs\Projet_Training\BlogPlanete_CI4\system\CodeIgniter.php(355): CodeIgniter\CodeIgniter->handleRequest(NULL, Object(Config\Cache), false)
#12 C:\xampp\htdocs\Projet_Training\BlogPlanete_CI4\system\Boot.php(325): CodeIgniter\CodeIgniter->run()
#13 C:\xampp\htdocs\Projet_Training\BlogPlanete_CI4\system\Boot.php(67): CodeIgniter\Boot::runCodeIgniter(Object(CodeIgniter\CodeIgniter))
#14 C:\xampp\htdocs\Projet_Training\BlogPlanete_CI4\public\index.php(56): CodeIgniter\Boot::bootWeb(Object(Config\Paths))
#15 C:\xampp\htdocs\Projet_Training\BlogPlanete_CI4\system\rewrite.php(44): require_once('C:\\xampp\\htdocs...')
#16 {main}
CRITICAL - 2024-10-05 15:40:16 --> CodeIgniter\Database\Exceptions\DatabaseException: Column 'NOARTICLE' cannot be null
[Method: POST, Route: administrateur/ajouterUnAvis]
in SYSTEMPATH\Database\BaseConnection.php on line 688.
 1 SYSTEMPATH\Database\BaseBuilder.php(2340): CodeIgniter\Database\BaseConnection->query('INSERT INTO `avis` (`NOARTICLE`, `NOUTILISATEUR`, `TITRE`, `CONTENU`) VALUES (:NOARTICLE:, :NOUTILISATEUR:, :TITRE:, :CONTENU:)', [...], false)
 2 SYSTEMPATH\Model.php(394): CodeIgniter\Database\BaseBuilder->insert()
 3 SYSTEMPATH\BaseModel.php(840): CodeIgniter\Model->doInsert([...])
 4 SYSTEMPATH\Model.php(802): CodeIgniter\BaseModel->insert([...], false)
 5 SYSTEMPATH\BaseModel.php(751): CodeIgniter\Model->insert([...], false)
 6 APPPATH\Controllers\Administrateur.php(147): CodeIgniter\BaseModel->save([...])
 7 SYSTEMPATH\CodeIgniter.php(933): App\Controllers\Administrateur->ajouterUnAvis()
 8 SYSTEMPATH\CodeIgniter.php(509): CodeIgniter\CodeIgniter->runController(Object(App\Controllers\Administrateur))
 9 SYSTEMPATH\CodeIgniter.php(355): CodeIgniter\CodeIgniter->handleRequest(null, Object(Config\Cache), false)
10 SYSTEMPATH\Boot.php(325): CodeIgniter\CodeIgniter->run()
11 SYSTEMPATH\Boot.php(67): CodeIgniter\Boot::runCodeIgniter(Object(CodeIgniter\CodeIgniter))
12 FCPATH\index.php(56): CodeIgniter\Boot::bootWeb(Object(Config\Paths))
13 SYSTEMPATH\rewrite.php(44): require_once('C:\\xampp\\htdocs\\Projet_Training\\BlogPlanete_CI4\\public\\index.php')
CRITICAL - 2024-10-05 15:40:16 --> [Caused by] CodeIgniter\Database\Exceptions\DatabaseException: Column 'NOARTICLE' cannot be null
in SYSTEMPATH\Database\MySQLi\Connection.php on line 317.
 1 SYSTEMPATH\Database\BaseConnection.php(734): CodeIgniter\Database\MySQLi\Connection->execute('INSERT INTO `avis` (`NOARTICLE`, `NOUTILISATEUR`, `TITRE`, `CONTENU`) VALUES (NULL, NULL, \'tt\', \'tt\')')
 2 SYSTEMPATH\Database\BaseConnection.php(648): CodeIgniter\Database\BaseConnection->simpleQuery('INSERT INTO `avis` (`NOARTICLE`, `NOUTILISATEUR`, `TITRE`, `CONTENU`) VALUES (NULL, NULL, \'tt\', \'tt\')')
 3 SYSTEMPATH\Database\BaseBuilder.php(2340): CodeIgniter\Database\BaseConnection->query('INSERT INTO `avis` (`NOARTICLE`, `NOUTILISATEUR`, `TITRE`, `CONTENU`) VALUES (:NOARTICLE:, :NOUTILISATEUR:, :TITRE:, :CONTENU:)', [...], false)
 4 SYSTEMPATH\Model.php(394): CodeIgniter\Database\BaseBuilder->insert()
 5 SYSTEMPATH\BaseModel.php(840): CodeIgniter\Model->doInsert([...])
 6 SYSTEMPATH\Model.php(802): CodeIgniter\BaseModel->insert([...], false)
 7 SYSTEMPATH\BaseModel.php(751): CodeIgniter\Model->insert([...], false)
 8 APPPATH\Controllers\Administrateur.php(147): CodeIgniter\BaseModel->save([...])
 9 SYSTEMPATH\CodeIgniter.php(933): App\Controllers\Administrateur->ajouterUnAvis()
10 SYSTEMPATH\CodeIgniter.php(509): CodeIgniter\CodeIgniter->runController(Object(App\Controllers\Administrateur))
11 SYSTEMPATH\CodeIgniter.php(355): CodeIgniter\CodeIgniter->handleRequest(null, Object(Config\Cache), false)
12 SYSTEMPATH\Boot.php(325): CodeIgniter\CodeIgniter->run()
13 SYSTEMPATH\Boot.php(67): CodeIgniter\Boot::runCodeIgniter(Object(CodeIgniter\CodeIgniter))
14 FCPATH\index.php(56): CodeIgniter\Boot::bootWeb(Object(Config\Paths))
15 SYSTEMPATH\rewrite.php(44): require_once('C:\\xampp\\htdocs\\Projet_Training\\BlogPlanete_CI4\\public\\index.php')
CRITICAL - 2024-10-05 15:40:16 --> [Caused by] mysqli_sql_exception: Column 'NOARTICLE' cannot be null
in SYSTEMPATH\Database\MySQLi\Connection.php on line 312.
 1 SYSTEMPATH\Database\MySQLi\Connection.php(312): mysqli->query('INSERT INTO `avis` (`NOARTICLE`, `NOUTILISATEUR`, `TITRE`, `CONTENU`) VALUES (NULL, NULL, \'tt\', \'tt\')', 0)
 2 SYSTEMPATH\Database\BaseConnection.php(734): CodeIgniter\Database\MySQLi\Connection->execute('INSERT INTO `avis` (`NOARTICLE`, `NOUTILISATEUR`, `TITRE`, `CONTENU`) VALUES (NULL, NULL, \'tt\', \'tt\')')
 3 SYSTEMPATH\Database\BaseConnection.php(648): CodeIgniter\Database\BaseConnection->simpleQuery('INSERT INTO `avis` (`NOARTICLE`, `NOUTILISATEUR`, `TITRE`, `CONTENU`) VALUES (NULL, NULL, \'tt\', \'tt\')')
 4 SYSTEMPATH\Database\BaseBuilder.php(2340): CodeIgniter\Database\BaseConnection->query('INSERT INTO `avis` (`NOARTICLE`, `NOUTILISATEUR`, `TITRE`, `CONTENU`) VALUES (:NOARTICLE:, :NOUTILISATEUR:, :TITRE:, :CONTENU:)', [...], false)
 5 SYSTEMPATH\Model.php(394): CodeIgniter\Database\BaseBuilder->insert()
 6 SYSTEMPATH\BaseModel.php(840): CodeIgniter\Model->doInsert([...])
 7 SYSTEMPATH\Model.php(802): CodeIgniter\BaseModel->insert([...], false)
 8 SYSTEMPATH\BaseModel.php(751): CodeIgniter\Model->insert([...], false)
 9 APPPATH\Controllers\Administrateur.php(147): CodeIgniter\BaseModel->save([...])
10 SYSTEMPATH\CodeIgniter.php(933): App\Controllers\Administrateur->ajouterUnAvis()
11 SYSTEMPATH\CodeIgniter.php(509): CodeIgniter\CodeIgniter->runController(Object(App\Controllers\Administrateur))
12 SYSTEMPATH\CodeIgniter.php(355): CodeIgniter\CodeIgniter->handleRequest(null, Object(Config\Cache), false)
13 SYSTEMPATH\Boot.php(325): CodeIgniter\CodeIgniter->run()
14 SYSTEMPATH\Boot.php(67): CodeIgniter\Boot::runCodeIgniter(Object(CodeIgniter\CodeIgniter))
15 FCPATH\index.php(56): CodeIgniter\Boot::bootWeb(Object(Config\Paths))
16 SYSTEMPATH\rewrite.php(44): require_once('C:\\xampp\\htdocs\\Projet_Training\\BlogPlanete_CI4\\public\\index.php')
INFO - 2024-10-05 15:40:21 --> Session: Class initialized using 'CodeIgniter\Session\Handlers\FileHandler' driver.
INFO - 2024-10-05 15:40:59 --> Session: Class initialized using 'CodeIgniter\Session\Handlers\FileHandler' driver.
CRITICAL - 2024-10-05 15:41:07 --> ArgumentCountError: Too few arguments to function App\Controllers\Administrateur::ajouterUnAvis(), 0 passed in C:\xampp\htdocs\Projet_Training\BlogPlanete_CI4\system\CodeIgniter.php on line 933 and exactly 1 expected
[Method: POST, Route: administrateur/ajouterUnAvis]
in APPPATH\Controllers\Administrateur.php on line 105.
 1 SYSTEMPATH\CodeIgniter.php(933): App\Controllers\Administrateur->ajouterUnAvis()
 2 SYSTEMPATH\CodeIgniter.php(509): CodeIgniter\CodeIgniter->runController(Object(App\Controllers\Administrateur))
 3 SYSTEMPATH\CodeIgniter.php(355): CodeIgniter\CodeIgniter->handleRequest(null, Object(Config\Cache), false)
 4 SYSTEMPATH\Boot.php(325): CodeIgniter\CodeIgniter->run()
 5 SYSTEMPATH\Boot.php(67): CodeIgniter\Boot::runCodeIgniter(Object(CodeIgniter\CodeIgniter))
 6 FCPATH\index.php(56): CodeIgniter\Boot::bootWeb(Object(Config\Paths))
 7 SYSTEMPATH\rewrite.php(44): require_once('C:\\xampp\\htdocs\\Projet_Training\\BlogPlanete_CI4\\public\\index.php')
INFO - 2024-10-05 15:41:24 --> Session: Class initialized using 'CodeIgniter\Session\Handlers\FileHandler' driver.
INFO - 2024-10-05 15:44:32 --> Session: Class initialized using 'CodeIgniter\Session\Handlers\FileHandler' driver.
CRITICAL - 2024-10-05 15:44:32 --> BadMethodCallException: Call to undefined method App\Models\ModeleArticle::retournerArticle
[Method: GET, Route: administrateur/ajouterUnAvis/4]
in SYSTEMPATH\Model.php on line 932.
 1 APPPATH\Controllers\Administrateur.php(113): CodeIgniter\Model->__call('retournerArticle', [])
 2 SYSTEMPATH\CodeIgniter.php(933): App\Controllers\Administrateur->ajouterUnAvis('4')
 3 SYSTEMPATH\CodeIgniter.php(509): CodeIgniter\CodeIgniter->runController(Object(App\Controllers\Administrateur))
 4 SYSTEMPATH\CodeIgniter.php(355): CodeIgniter\CodeIgniter->handleRequest(null, Object(Config\Cache), false)
 5 SYSTEMPATH\Boot.php(325): CodeIgniter\CodeIgniter->run()
 6 SYSTEMPATH\Boot.php(67): CodeIgniter\Boot::runCodeIgniter(Object(CodeIgniter\CodeIgniter))
 7 FCPATH\index.php(56): CodeIgniter\Boot::bootWeb(Object(Config\Paths))
 8 SYSTEMPATH\rewrite.php(44): require_once('C:\\xampp\\htdocs\\Projet_Training\\BlogPlanete_CI4\\public\\index.php')
INFO - 2024-10-05 15:44:48 --> Session: Class initialized using 'CodeIgniter\Session\Handlers\FileHandler' driver.
INFO - 2024-10-05 15:45:00 --> Session: Class initialized using 'CodeIgniter\Session\Handlers\FileHandler' driver.
INFO - 2024-10-05 15:45:12 --> Session: Class initialized using 'CodeIgniter\Session\Handlers\FileHandler' driver.
CRITICAL - 2024-10-05 15:45:12 --> ErrorException: Array to string conversion
[Method: POST, Route: administrateur/ajouterUnAvis]
in SYSTEMPATH\Database\Query.php on line 331.
 1 [internal function]: CodeIgniter\Debug\Exceptions->errorHandler(2, 'Array to string conversion', 'C:\\xampp\\htdocs\\Projet_Training\\BlogPlanete_CI4\\system\\Database\\Query.php', 331)
 2 SYSTEMPATH\Database\Query.php(331): implode(',', [...])
 3 SYSTEMPATH\Database\Query.php(312): CodeIgniter\Database\Query->matchNamedBinds('INSERT INTO `avis` (`NOARTICLE`, `NOUTILISATEUR`, `TITRE`, `CONTENU`) VALUES (:NOARTICLE:, :NOUTILISATEUR:, :TITRE:, :CONTENU:)', [...])
 4 SYSTEMPATH\Database\Query.php(163): CodeIgniter\Database\Query->compileBinds()
 5 SYSTEMPATH\Database\BaseConnection.php(648): CodeIgniter\Database\Query->getQuery()
 6 SYSTEMPATH\Database\BaseBuilder.php(2340): CodeIgniter\Database\BaseConnection->query('INSERT INTO `avis` (`NOARTICLE`, `NOUTILISATEUR`, `TITRE`, `CONTENU`) VALUES (:NOARTICLE:, :NOUTILISATEUR:, :TITRE:, :CONTENU:)', [...], false)
 7 SYSTEMPATH\Model.php(394): CodeIgniter\Database\BaseBuilder->insert()
 8 SYSTEMPATH\BaseModel.php(840): CodeIgniter\Model->doInsert([...])
 9 SYSTEMPATH\Model.php(802): CodeIgniter\BaseModel->insert([...], false)
10 SYSTEMPATH\BaseModel.php(751): CodeIgniter\Model->insert([...], false)
11 APPPATH\Controllers\Administrateur.php(146): CodeIgniter\BaseModel->save([...])
12 SYSTEMPATH\CodeIgniter.php(933): App\Controllers\Administrateur->ajouterUnAvis()
13 SYSTEMPATH\CodeIgniter.php(509): CodeIgniter\CodeIgniter->runController(Object(App\Controllers\Administrateur))
14 SYSTEMPATH\CodeIgniter.php(355): CodeIgniter\CodeIgniter->handleRequest(null, Object(Config\Cache), false)
15 SYSTEMPATH\Boot.php(325): CodeIgniter\CodeIgniter->run()
16 SYSTEMPATH\Boot.php(67): CodeIgniter\Boot::runCodeIgniter(Object(CodeIgniter\CodeIgniter))
17 FCPATH\index.php(56): CodeIgniter\Boot::bootWeb(Object(Config\Paths))
18 SYSTEMPATH\rewrite.php(44): require_once('C:\\xampp\\htdocs\\Projet_Training\\BlogPlanete_CI4\\public\\index.php')
INFO - 2024-10-05 15:45:34 --> Session: Class initialized using 'CodeIgniter\Session\Handlers\FileHandler' driver.
INFO - 2024-10-05 15:46:08 --> Session: Class initialized using 'CodeIgniter\Session\Handlers\FileHandler' driver.
INFO - 2024-10-05 15:46:25 --> Session: Class initialized using 'CodeIgniter\Session\Handlers\FileHandler' driver.
CRITICAL - 2024-10-05 15:46:25 --> ErrorException: Array to string conversion
[Method: POST, Route: administrateur/ajouterUnAvis]
in SYSTEMPATH\Database\Query.php on line 331.
 1 [internal function]: CodeIgniter\Debug\Exceptions->errorHandler(2, 'Array to string conversion', 'C:\\xampp\\htdocs\\Projet_Training\\BlogPlanete_CI4\\system\\Database\\Query.php', 331)
 2 SYSTEMPATH\Database\Query.php(331): implode(',', [...])
 3 SYSTEMPATH\Database\Query.php(312): CodeIgniter\Database\Query->matchNamedBinds('INSERT INTO `avis` (`NOARTICLE`, `NOUTILISATEUR`, `TITRE`, `CONTENU`) VALUES (:NOARTICLE:, :NOUTILISATEUR:, :TITRE:, :CONTENU:)', [...])
 4 SYSTEMPATH\Database\Query.php(163): CodeIgniter\Database\Query->compileBinds()
 5 SYSTEMPATH\Database\BaseConnection.php(648): CodeIgniter\Database\Query->getQuery()
 6 SYSTEMPATH\Database\BaseBuilder.php(2340): CodeIgniter\Database\BaseConnection->query('INSERT INTO `avis` (`NOARTICLE`, `NOUTILISATEUR`, `TITRE`, `CONTENU`) VALUES (:NOARTICLE:, :NOUTILISATEUR:, :TITRE:, :CONTENU:)', [...], false)
 7 SYSTEMPATH\Model.php(394): CodeIgniter\Database\BaseBuilder->insert()
 8 SYSTEMPATH\BaseModel.php(840): CodeIgniter\Model->doInsert([...])
 9 SYSTEMPATH\Model.php(802): CodeIgniter\BaseModel->insert([...], false)
10 SYSTEMPATH\BaseModel.php(751): CodeIgniter\Model->insert([...], false)
11 APPPATH\Controllers\Administrateur.php(146): CodeIgniter\BaseModel->save([...])
12 SYSTEMPATH\CodeIgniter.php(933): App\Controllers\Administrateur->ajouterUnAvis()
13 SYSTEMPATH\CodeIgniter.php(509): CodeIgniter\CodeIgniter->runController(Object(App\Controllers\Administrateur))
14 SYSTEMPATH\CodeIgniter.php(355): CodeIgniter\CodeIgniter->handleRequest(null, Object(Config\Cache), false)
15 SYSTEMPATH\Boot.php(325): CodeIgniter\CodeIgniter->run()
16 SYSTEMPATH\Boot.php(67): CodeIgniter\Boot::runCodeIgniter(Object(CodeIgniter\CodeIgniter))
17 FCPATH\index.php(56): CodeIgniter\Boot::bootWeb(Object(Config\Paths))
18 SYSTEMPATH\rewrite.php(44): require_once('C:\\xampp\\htdocs\\Projet_Training\\BlogPlanete_CI4\\public\\index.php')
INFO - 2024-10-05 15:46:33 --> Session: Class initialized using 'CodeIgniter\Session\Handlers\FileHandler' driver.
INFO - 2024-10-05 15:49:12 --> Session: Class initialized using 'CodeIgniter\Session\Handlers\FileHandler' driver.
INFO - 2024-10-05 15:50:09 --> Session: Class initialized using 'CodeIgniter\Session\Handlers\FileHandler' driver.
CRITICAL - 2024-10-05 15:50:09 --> ErrorException: Array to string conversion
[Method: POST, Route: administrateur/ajouterUnAvis]
in SYSTEMPATH\Database\Query.php on line 331.
 1 [internal function]: CodeIgniter\Debug\Exceptions->errorHandler(2, 'Array to string conversion', 'C:\\xampp\\htdocs\\Projet_Training\\BlogPlanete_CI4\\system\\Database\\Query.php', 331)
 2 SYSTEMPATH\Database\Query.php(331): implode(',', [...])
 3 SYSTEMPATH\Database\Query.php(312): CodeIgniter\Database\Query->matchNamedBinds('INSERT INTO `avis` (`NOARTICLE`, `NOUTILISATEUR`, `TITRE`, `CONTENU`) VALUES (:NOARTICLE:, :NOUTILISATEUR:, :TITRE:, :CONTENU:)', [...])
 4 SYSTEMPATH\Database\Query.php(163): CodeIgniter\Database\Query->compileBinds()
 5 SYSTEMPATH\Database\BaseConnection.php(648): CodeIgniter\Database\Query->getQuery()
 6 SYSTEMPATH\Database\BaseBuilder.php(2340): CodeIgniter\Database\BaseConnection->query('INSERT INTO `avis` (`NOARTICLE`, `NOUTILISATEUR`, `TITRE`, `CONTENU`) VALUES (:NOARTICLE:, :NOUTILISATEUR:, :TITRE:, :CONTENU:)', [...], false)
 7 SYSTEMPATH\Model.php(394): CodeIgniter\Database\BaseBuilder->insert()
 8 SYSTEMPATH\BaseModel.php(840): CodeIgniter\Model->doInsert([...])
 9 SYSTEMPATH\Model.php(802): CodeIgniter\BaseModel->insert([...], false)
10 SYSTEMPATH\BaseModel.php(751): CodeIgniter\Model->insert([...], false)
11 APPPATH\Controllers\Administrateur.php(145): CodeIgniter\BaseModel->save([...])
12 SYSTEMPATH\CodeIgniter.php(933): App\Controllers\Administrateur->ajouterUnAvis()
13 SYSTEMPATH\CodeIgniter.php(509): CodeIgniter\CodeIgniter->runController(Object(App\Controllers\Administrateur))
14 SYSTEMPATH\CodeIgniter.php(355): CodeIgniter\CodeIgniter->handleRequest(null, Object(Config\Cache), false)
15 SYSTEMPATH\Boot.php(325): CodeIgniter\CodeIgniter->run()
16 SYSTEMPATH\Boot.php(67): CodeIgniter\Boot::runCodeIgniter(Object(CodeIgniter\CodeIgniter))
17 FCPATH\index.php(56): CodeIgniter\Boot::bootWeb(Object(Config\Paths))
18 SYSTEMPATH\rewrite.php(44): require_once('C:\\xampp\\htdocs\\Projet_Training\\BlogPlanete_CI4\\public\\index.php')
INFO - 2024-10-05 15:50:11 --> Session: Class initialized using 'CodeIgniter\Session\Handlers\FileHandler' driver.
INFO - 2024-10-05 15:51:24 --> Session: Class initialized using 'CodeIgniter\Session\Handlers\FileHandler' driver.
INFO - 2024-10-05 15:51:34 --> Session: Class initialized using 'CodeIgniter\Session\Handlers\FileHandler' driver.
CRITICAL - 2024-10-05 15:51:34 --> ErrorException: Array to string conversion
[Method: POST, Route: administrateur/ajouterUnAvis]
in SYSTEMPATH\Database\Query.php on line 331.
 1 [internal function]: CodeIgniter\Debug\Exceptions->errorHandler(2, 'Array to string conversion', 'C:\\xampp\\htdocs\\Projet_Training\\BlogPlanete_CI4\\system\\Database\\Query.php', 331)
 2 SYSTEMPATH\Database\Query.php(331): implode(',', [...])
 3 SYSTEMPATH\Database\Query.php(312): CodeIgniter\Database\Query->matchNamedBinds('INSERT INTO `avis` (`NOARTICLE`, `NOUTILISATEUR`, `TITRE`, `CONTENU`) VALUES (:NOARTICLE:, :NOUTILISATEUR:, :TITRE:, :CONTENU:)', [...])
 4 SYSTEMPATH\Database\Query.php(163): CodeIgniter\Database\Query->compileBinds()
 5 SYSTEMPATH\Database\BaseConnection.php(648): CodeIgniter\Database\Query->getQuery()
 6 SYSTEMPATH\Database\BaseBuilder.php(2340): CodeIgniter\Database\BaseConnection->query('INSERT INTO `avis` (`NOARTICLE`, `NOUTILISATEUR`, `TITRE`, `CONTENU`) VALUES (:NOARTICLE:, :NOUTILISATEUR:, :TITRE:, :CONTENU:)', [...], false)
 7 SYSTEMPATH\Model.php(394): CodeIgniter\Database\BaseBuilder->insert()
 8 SYSTEMPATH\BaseModel.php(840): CodeIgniter\Model->doInsert([...])
 9 SYSTEMPATH\Model.php(802): CodeIgniter\BaseModel->insert([...], false)
10 SYSTEMPATH\BaseModel.php(751): CodeIgniter\Model->insert([...], false)
11 APPPATH\Controllers\Administrateur.php(147): CodeIgniter\BaseModel->save([...])
12 SYSTEMPATH\CodeIgniter.php(933): App\Controllers\Administrateur->ajouterUnAvis()
13 SYSTEMPATH\CodeIgniter.php(509): CodeIgniter\CodeIgniter->runController(Object(App\Controllers\Administrateur))
14 SYSTEMPATH\CodeIgniter.php(355): CodeIgniter\CodeIgniter->handleRequest(null, Object(Config\Cache), false)
15 SYSTEMPATH\Boot.php(325): CodeIgniter\CodeIgniter->run()
16 SYSTEMPATH\Boot.php(67): CodeIgniter\Boot::runCodeIgniter(Object(CodeIgniter\CodeIgniter))
17 FCPATH\index.php(56): CodeIgniter\Boot::bootWeb(Object(Config\Paths))
18 SYSTEMPATH\rewrite.php(44): require_once('C:\\xampp\\htdocs\\Projet_Training\\BlogPlanete_CI4\\public\\index.php')
INFO - 2024-10-05 15:51:41 --> Session: Class initialized using 'CodeIgniter\Session\Handlers\FileHandler' driver.
INFO - 2024-10-05 15:51:51 --> Session: Class initialized using 'CodeIgniter\Session\Handlers\FileHandler' driver.
INFO - 2024-10-05 15:54:10 --> Session: Class initialized using 'CodeIgniter\Session\Handlers\FileHandler' driver.
INFO - 2024-10-05 15:54:18 --> Session: Class initialized using 'CodeIgniter\Session\Handlers\FileHandler' driver.
CRITICAL - 2024-10-05 15:54:18 --> Error: Call to a member function get() on array
[Method: POST, Route: administrateur/ajouterUnAvis]
in APPPATH\Controllers\Administrateur.php on line 139.
 1 SYSTEMPATH\CodeIgniter.php(933): App\Controllers\Administrateur->ajouterUnAvis()
 2 SYSTEMPATH\CodeIgniter.php(509): CodeIgniter\CodeIgniter->runController(Object(App\Controllers\Administrateur))
 3 SYSTEMPATH\CodeIgniter.php(355): CodeIgniter\CodeIgniter->handleRequest(null, Object(Config\Cache), false)
 4 SYSTEMPATH\Boot.php(325): CodeIgniter\CodeIgniter->run()
 5 SYSTEMPATH\Boot.php(67): CodeIgniter\Boot::runCodeIgniter(Object(CodeIgniter\CodeIgniter))
 6 FCPATH\index.php(56): CodeIgniter\Boot::bootWeb(Object(Config\Paths))
 7 SYSTEMPATH\rewrite.php(44): require_once('C:\\xampp\\htdocs\\Projet_Training\\BlogPlanete_CI4\\public\\index.php')
INFO - 2024-10-05 16:02:09 --> Session: Class initialized using 'CodeIgniter\Session\Handlers\FileHandler' driver.
INFO - 2024-10-05 16:02:18 --> Session: Class initialized using 'CodeIgniter\Session\Handlers\FileHandler' driver.
CRITICAL - 2024-10-05 16:02:18 --> ErrorException: Array to string conversion
[Method: POST, Route: administrateur/ajouterUnAvis]
in SYSTEMPATH\Database\Query.php on line 331.
 1 [internal function]: CodeIgniter\Debug\Exceptions->errorHandler(2, 'Array to string conversion', 'C:\\xampp\\htdocs\\Projet_Training\\BlogPlanete_CI4\\system\\Database\\Query.php', 331)
 2 SYSTEMPATH\Database\Query.php(331): implode(',', [...])
 3 SYSTEMPATH\Database\Query.php(312): CodeIgniter\Database\Query->matchNamedBinds('INSERT INTO `avis` (`NOARTICLE`, `NOUTILISATEUR`, `TITRE`, `CONTENU`) VALUES (:NOARTICLE:, :NOUTILISATEUR:, :TITRE:, :CONTENU:)', [...])
 4 SYSTEMPATH\Database\Query.php(163): CodeIgniter\Database\Query->compileBinds()
 5 SYSTEMPATH\Database\BaseConnection.php(648): CodeIgniter\Database\Query->getQuery()
 6 SYSTEMPATH\Database\BaseBuilder.php(2340): CodeIgniter\Database\BaseConnection->query('INSERT INTO `avis` (`NOARTICLE`, `NOUTILISATEUR`, `TITRE`, `CONTENU`) VALUES (:NOARTICLE:, :NOUTILISATEUR:, :TITRE:, :CONTENU:)', [...], false)
 7 SYSTEMPATH\Model.php(394): CodeIgniter\Database\BaseBuilder->insert()
 8 SYSTEMPATH\BaseModel.php(840): CodeIgniter\Model->doInsert([...])
 9 SYSTEMPATH\Model.php(802): CodeIgniter\BaseModel->insert([...], false)
10 SYSTEMPATH\BaseModel.php(751): CodeIgniter\Model->insert([...], false)
11 APPPATH\Controllers\Administrateur.php(145): CodeIgniter\BaseModel->save([...])
12 SYSTEMPATH\CodeIgniter.php(933): App\Controllers\Administrateur->ajouterUnAvis()
13 SYSTEMPATH\CodeIgniter.php(509): CodeIgniter\CodeIgniter->runController(Object(App\Controllers\Administrateur))
14 SYSTEMPATH\CodeIgniter.php(355): CodeIgniter\CodeIgniter->handleRequest(null, Object(Config\Cache), false)
15 SYSTEMPATH\Boot.php(325): CodeIgniter\CodeIgniter->run()
16 SYSTEMPATH\Boot.php(67): CodeIgniter\Boot::runCodeIgniter(Object(CodeIgniter\CodeIgniter))
17 FCPATH\index.php(56): CodeIgniter\Boot::bootWeb(Object(Config\Paths))
18 SYSTEMPATH\rewrite.php(44): require_once('C:\\xampp\\htdocs\\Projet_Training\\BlogPlanete_CI4\\public\\index.php')
INFO - 2024-10-05 16:02:30 --> Session: Class initialized using 'CodeIgniter\Session\Handlers\FileHandler' driver.
INFO - 2024-10-05 16:02:46 --> Session: Class initialized using 'CodeIgniter\Session\Handlers\FileHandler' driver.
CRITICAL - 2024-10-05 16:02:46 --> ErrorException: Array to string conversion
[Method: POST, Route: administrateur/ajouterUnAvis]
in SYSTEMPATH\Database\Query.php on line 331.
 1 [internal function]: CodeIgniter\Debug\Exceptions->errorHandler(2, 'Array to string conversion', 'C:\\xampp\\htdocs\\Projet_Training\\BlogPlanete_CI4\\system\\Database\\Query.php', 331)
 2 SYSTEMPATH\Database\Query.php(331): implode(',', [...])
 3 SYSTEMPATH\Database\Query.php(312): CodeIgniter\Database\Query->matchNamedBinds('INSERT INTO `avis` (`NOARTICLE`, `NOUTILISATEUR`, `TITRE`, `CONTENU`) VALUES (:NOARTICLE:, :NOUTILISATEUR:, :TITRE:, :CONTENU:)', [...])
 4 SYSTEMPATH\Database\Query.php(163): CodeIgniter\Database\Query->compileBinds()
 5 SYSTEMPATH\Database\BaseConnection.php(648): CodeIgniter\Database\Query->getQuery()
 6 SYSTEMPATH\Database\BaseBuilder.php(2340): CodeIgniter\Database\BaseConnection->query('INSERT INTO `avis` (`NOARTICLE`, `NOUTILISATEUR`, `TITRE`, `CONTENU`) VALUES (:NOARTICLE:, :NOUTILISATEUR:, :TITRE:, :CONTENU:)', [...], false)
 7 SYSTEMPATH\Model.php(394): CodeIgniter\Database\BaseBuilder->insert()
 8 SYSTEMPATH\BaseModel.php(840): CodeIgniter\Model->doInsert([...])
 9 SYSTEMPATH\Model.php(802): CodeIgniter\BaseModel->insert([...], false)
10 SYSTEMPATH\BaseModel.php(751): CodeIgniter\Model->insert([...], false)
11 APPPATH\Controllers\Administrateur.php(145): CodeIgniter\BaseModel->save([...])
12 SYSTEMPATH\CodeIgniter.php(933): App\Controllers\Administrateur->ajouterUnAvis()
13 SYSTEMPATH\CodeIgniter.php(509): CodeIgniter\CodeIgniter->runController(Object(App\Controllers\Administrateur))
14 SYSTEMPATH\CodeIgniter.php(355): CodeIgniter\CodeIgniter->handleRequest(null, Object(Config\Cache), false)
15 SYSTEMPATH\Boot.php(325): CodeIgniter\CodeIgniter->run()
16 SYSTEMPATH\Boot.php(67): CodeIgniter\Boot::runCodeIgniter(Object(CodeIgniter\CodeIgniter))
17 FCPATH\index.php(56): CodeIgniter\Boot::bootWeb(Object(Config\Paths))
18 SYSTEMPATH\rewrite.php(44): require_once('C:\\xampp\\htdocs\\Projet_Training\\BlogPlanete_CI4\\public\\index.php')
INFO - 2024-10-05 16:05:46 --> Session: Class initialized using 'CodeIgniter\Session\Handlers\FileHandler' driver.
INFO - 2024-10-05 16:06:21 --> Session: Class initialized using 'CodeIgniter\Session\Handlers\FileHandler' driver.
CRITICAL - 2024-10-05 16:06:21 --> ErrorException: Undefined array key "NOARTICLE"
[Method: POST, Route: administrateur/ajouterUnAvis]
in APPPATH\Controllers\Administrateur.php on line 140.
 1 APPPATH\Controllers\Administrateur.php(140): CodeIgniter\Debug\Exceptions->errorHandler(2, 'Undefined array key "NOARTICLE"', 'C:\\xampp\\htdocs\\Projet_Training\\BlogPlanete_CI4\\app\\Controllers\\Administrateur.php', 140)
 2 SYSTEMPATH\CodeIgniter.php(933): App\Controllers\Administrateur->ajouterUnAvis()
 3 SYSTEMPATH\CodeIgniter.php(509): CodeIgniter\CodeIgniter->runController(Object(App\Controllers\Administrateur))
 4 SYSTEMPATH\CodeIgniter.php(355): CodeIgniter\CodeIgniter->handleRequest(null, Object(Config\Cache), false)
 5 SYSTEMPATH\Boot.php(325): CodeIgniter\CodeIgniter->run()
 6 SYSTEMPATH\Boot.php(67): CodeIgniter\Boot::runCodeIgniter(Object(CodeIgniter\CodeIgniter))
 7 FCPATH\index.php(56): CodeIgniter\Boot::bootWeb(Object(Config\Paths))
 8 SYSTEMPATH\rewrite.php(44): require_once('C:\\xampp\\htdocs\\Projet_Training\\BlogPlanete_CI4\\public\\index.php')
INFO - 2024-10-05 16:06:25 --> Session: Class initialized using 'CodeIgniter\Session\Handlers\FileHandler' driver.
INFO - 2024-10-05 16:07:10 --> Session: Class initialized using 'CodeIgniter\Session\Handlers\FileHandler' driver.
CRITICAL - 2024-10-05 16:07:13 --> ArgumentCountError: Too few arguments to function App\Controllers\Administrateur::ajouterUnAvis(), 0 passed in C:\xampp\htdocs\Projet_Training\BlogPlanete_CI4\system\CodeIgniter.php on line 933 and exactly 1 expected
[Method: POST, Route: administrateur/ajouterUnAvis]
in APPPATH\Controllers\Administrateur.php on line 105.
 1 SYSTEMPATH\CodeIgniter.php(933): App\Controllers\Administrateur->ajouterUnAvis()
 2 SYSTEMPATH\CodeIgniter.php(509): CodeIgniter\CodeIgniter->runController(Object(App\Controllers\Administrateur))
 3 SYSTEMPATH\CodeIgniter.php(355): CodeIgniter\CodeIgniter->handleRequest(null, Object(Config\Cache), false)
 4 SYSTEMPATH\Boot.php(325): CodeIgniter\CodeIgniter->run()
 5 SYSTEMPATH\Boot.php(67): CodeIgniter\Boot::runCodeIgniter(Object(CodeIgniter\CodeIgniter))
 6 FCPATH\index.php(56): CodeIgniter\Boot::bootWeb(Object(Config\Paths))
 7 SYSTEMPATH\rewrite.php(44): require_once('C:\\xampp\\htdocs\\Projet_Training\\BlogPlanete_CI4\\public\\index.php')
INFO - 2024-10-05 16:07:20 --> Session: Class initialized using 'CodeIgniter\Session\Handlers\FileHandler' driver.
INFO - 2024-10-05 16:07:53 --> Session: Class initialized using 'CodeIgniter\Session\Handlers\FileHandler' driver.
INFO - 2024-10-05 16:07:56 --> Session: Class initialized using 'CodeIgniter\Session\Handlers\FileHandler' driver.
CRITICAL - 2024-10-05 16:07:56 --> ErrorException: Trying to access array offset on value of type null
[Method: POST, Route: administrateur/ajouterUnAvis]
in APPPATH\Controllers\Administrateur.php on line 140.
 1 APPPATH\Controllers\Administrateur.php(140): CodeIgniter\Debug\Exceptions->errorHandler(2, 'Trying to access array offset on value of type null', 'C:\\xampp\\htdocs\\Projet_Training\\BlogPlanete_CI4\\app\\Controllers\\Administrateur.php', 140)
 2 SYSTEMPATH\CodeIgniter.php(933): App\Controllers\Administrateur->ajouterUnAvis()
 3 SYSTEMPATH\CodeIgniter.php(509): CodeIgniter\CodeIgniter->runController(Object(App\Controllers\Administrateur))
 4 SYSTEMPATH\CodeIgniter.php(355): CodeIgniter\CodeIgniter->handleRequest(null, Object(Config\Cache), false)
 5 SYSTEMPATH\Boot.php(325): CodeIgniter\CodeIgniter->run()
 6 SYSTEMPATH\Boot.php(67): CodeIgniter\Boot::runCodeIgniter(Object(CodeIgniter\CodeIgniter))
 7 FCPATH\index.php(56): CodeIgniter\Boot::bootWeb(Object(Config\Paths))
 8 SYSTEMPATH\rewrite.php(44): require_once('C:\\xampp\\htdocs\\Projet_Training\\BlogPlanete_CI4\\public\\index.php')
INFO - 2024-10-05 16:08:05 --> Session: Class initialized using 'CodeIgniter\Session\Handlers\FileHandler' driver.
INFO - 2024-10-05 16:08:10 --> Session: Class initialized using 'CodeIgniter\Session\Handlers\FileHandler' driver.
INFO - 2024-10-05 16:08:15 --> Session: Class initialized using 'CodeIgniter\Session\Handlers\FileHandler' driver.
CRITICAL - 2024-10-05 16:08:15 --> ErrorException: Undefined array key "NOARTICLE"
[Method: POST, Route: administrateur/ajouterUnAvis]
in APPPATH\Controllers\Administrateur.php on line 140.
 1 APPPATH\Controllers\Administrateur.php(140): CodeIgniter\Debug\Exceptions->errorHandler(2, 'Undefined array key "NOARTICLE"', 'C:\\xampp\\htdocs\\Projet_Training\\BlogPlanete_CI4\\app\\Controllers\\Administrateur.php', 140)
 2 SYSTEMPATH\CodeIgniter.php(933): App\Controllers\Administrateur->ajouterUnAvis()
 3 SYSTEMPATH\CodeIgniter.php(509): CodeIgniter\CodeIgniter->runController(Object(App\Controllers\Administrateur))
 4 SYSTEMPATH\CodeIgniter.php(355): CodeIgniter\CodeIgniter->handleRequest(null, Object(Config\Cache), false)
 5 SYSTEMPATH\Boot.php(325): CodeIgniter\CodeIgniter->run()
 6 SYSTEMPATH\Boot.php(67): CodeIgniter\Boot::runCodeIgniter(Object(CodeIgniter\CodeIgniter))
 7 FCPATH\index.php(56): CodeIgniter\Boot::bootWeb(Object(Config\Paths))
 8 SYSTEMPATH\rewrite.php(44): require_once('C:\\xampp\\htdocs\\Projet_Training\\BlogPlanete_CI4\\public\\index.php')
INFO - 2024-10-05 16:08:17 --> Session: Class initialized using 'CodeIgniter\Session\Handlers\FileHandler' driver.
INFO - 2024-10-05 16:09:27 --> Session: Class initialized using 'CodeIgniter\Session\Handlers\FileHandler' driver.
INFO - 2024-10-05 16:09:31 --> Session: Class initialized using 'CodeIgniter\Session\Handlers\FileHandler' driver.
CRITICAL - 2024-10-05 16:09:31 --> ErrorException: Undefined array key "NOARTICLE"
[Method: POST, Route: administrateur/ajouterUnAvis]
in APPPATH\Controllers\Administrateur.php on line 140.
 1 APPPATH\Controllers\Administrateur.php(140): CodeIgniter\Debug\Exceptions->errorHandler(2, 'Undefined array key "NOARTICLE"', 'C:\\xampp\\htdocs\\Projet_Training\\BlogPlanete_CI4\\app\\Controllers\\Administrateur.php', 140)
 2 SYSTEMPATH\CodeIgniter.php(933): App\Controllers\Administrateur->ajouterUnAvis()
 3 SYSTEMPATH\CodeIgniter.php(509): CodeIgniter\CodeIgniter->runController(Object(App\Controllers\Administrateur))
 4 SYSTEMPATH\CodeIgniter.php(355): CodeIgniter\CodeIgniter->handleRequest(null, Object(Config\Cache), false)
 5 SYSTEMPATH\Boot.php(325): CodeIgniter\CodeIgniter->run()
 6 SYSTEMPATH\Boot.php(67): CodeIgniter\Boot::runCodeIgniter(Object(CodeIgniter\CodeIgniter))
 7 FCPATH\index.php(56): CodeIgniter\Boot::bootWeb(Object(Config\Paths))
 8 SYSTEMPATH\rewrite.php(44): require_once('C:\\xampp\\htdocs\\Projet_Training\\BlogPlanete_CI4\\public\\index.php')
INFO - 2024-10-05 16:09:33 --> Session: Class initialized using 'CodeIgniter\Session\Handlers\FileHandler' driver.
INFO - 2024-10-05 16:13:01 --> Session: Class initialized using 'CodeIgniter\Session\Handlers\FileHandler' driver.
INFO - 2024-10-05 16:13:08 --> Session: Class initialized using 'CodeIgniter\Session\Handlers\FileHandler' driver.
CRITICAL - 2024-10-05 16:13:08 --> ErrorException: Array to string conversion
[Method: POST, Route: administrateur/ajouterUnAvis]
in SYSTEMPATH\Database\Query.php on line 331.
 1 [internal function]: CodeIgniter\Debug\Exceptions->errorHandler(2, 'Array to string conversion', 'C:\\xampp\\htdocs\\Projet_Training\\BlogPlanete_CI4\\system\\Database\\Query.php', 331)
 2 SYSTEMPATH\Database\Query.php(331): implode(',', [...])
 3 SYSTEMPATH\Database\Query.php(312): CodeIgniter\Database\Query->matchNamedBinds('INSERT INTO `avis` (`NOARTICLE`, `NOUTILISATEUR`, `TITRE`, `CONTENU`) VALUES (:NOARTICLE:, :NOUTILISATEUR:, :TITRE:, :CONTENU:)', [...])
 4 SYSTEMPATH\Database\Query.php(163): CodeIgniter\Database\Query->compileBinds()
 5 SYSTEMPATH\Database\BaseConnection.php(648): CodeIgniter\Database\Query->getQuery()
 6 SYSTEMPATH\Database\BaseBuilder.php(2340): CodeIgniter\Database\BaseConnection->query('INSERT INTO `avis` (`NOARTICLE`, `NOUTILISATEUR`, `TITRE`, `CONTENU`) VALUES (:NOARTICLE:, :NOUTILISATEUR:, :TITRE:, :CONTENU:)', [...], false)
 7 SYSTEMPATH\Model.php(394): CodeIgniter\Database\BaseBuilder->insert()
 8 SYSTEMPATH\BaseModel.php(840): CodeIgniter\Model->doInsert([...])
 9 SYSTEMPATH\Model.php(802): CodeIgniter\BaseModel->insert([...], false)
10 SYSTEMPATH\BaseModel.php(751): CodeIgniter\Model->insert([...], false)
11 APPPATH\Controllers\Administrateur.php(150): CodeIgniter\BaseModel->save([...])
12 SYSTEMPATH\CodeIgniter.php(933): App\Controllers\Administrateur->ajouterUnAvis()
13 SYSTEMPATH\CodeIgniter.php(509): CodeIgniter\CodeIgniter->runController(Object(App\Controllers\Administrateur))
14 SYSTEMPATH\CodeIgniter.php(355): CodeIgniter\CodeIgniter->handleRequest(null, Object(Config\Cache), false)
15 SYSTEMPATH\Boot.php(325): CodeIgniter\CodeIgniter->run()
16 SYSTEMPATH\Boot.php(67): CodeIgniter\Boot::runCodeIgniter(Object(CodeIgniter\CodeIgniter))
17 FCPATH\index.php(56): CodeIgniter\Boot::bootWeb(Object(Config\Paths))
18 SYSTEMPATH\rewrite.php(44): require_once('C:\\xampp\\htdocs\\Projet_Training\\BlogPlanete_CI4\\public\\index.php')
INFO - 2024-10-05 16:13:10 --> Session: Class initialized using 'CodeIgniter\Session\Handlers\FileHandler' driver.
INFO - 2024-10-05 16:14:33 --> Session: Class initialized using 'CodeIgniter\Session\Handlers\FileHandler' driver.
CRITICAL - 2024-10-05 16:14:37 --> ArgumentCountError: Too few arguments to function App\Controllers\Administrateur::ajouterUnAvis(), 0 passed in C:\xampp\htdocs\Projet_Training\BlogPlanete_CI4\system\CodeIgniter.php on line 933 and exactly 1 expected
[Method: POST, Route: administrateur/ajouterUnAvis]
in APPPATH\Controllers\Administrateur.php on line 105.
 1 SYSTEMPATH\CodeIgniter.php(933): App\Controllers\Administrateur->ajouterUnAvis()
 2 SYSTEMPATH\CodeIgniter.php(509): CodeIgniter\CodeIgniter->runController(Object(App\Controllers\Administrateur))
 3 SYSTEMPATH\CodeIgniter.php(355): CodeIgniter\CodeIgniter->handleRequest(null, Object(Config\Cache), false)
 4 SYSTEMPATH\Boot.php(325): CodeIgniter\CodeIgniter->run()
 5 SYSTEMPATH\Boot.php(67): CodeIgniter\Boot::runCodeIgniter(Object(CodeIgniter\CodeIgniter))
 6 FCPATH\index.php(56): CodeIgniter\Boot::bootWeb(Object(Config\Paths))
 7 SYSTEMPATH\rewrite.php(44): require_once('C:\\xampp\\htdocs\\Projet_Training\\BlogPlanete_CI4\\public\\index.php')
INFO - 2024-10-05 16:14:40 --> Session: Class initialized using 'CodeIgniter\Session\Handlers\FileHandler' driver.
INFO - 2024-10-05 16:14:54 --> Session: Class initialized using 'CodeIgniter\Session\Handlers\FileHandler' driver.
CRITICAL - 2024-10-05 16:14:57 --> ArgumentCountError: Too few arguments to function App\Controllers\Administrateur::ajouterUnAvis(), 0 passed in C:\xampp\htdocs\Projet_Training\BlogPlanete_CI4\system\CodeIgniter.php on line 933 and exactly 1 expected
[Method: POST, Route: administrateur/ajouterUnAvis]
in APPPATH\Controllers\Administrateur.php on line 105.
 1 SYSTEMPATH\CodeIgniter.php(933): App\Controllers\Administrateur->ajouterUnAvis()
 2 SYSTEMPATH\CodeIgniter.php(509): CodeIgniter\CodeIgniter->runController(Object(App\Controllers\Administrateur))
 3 SYSTEMPATH\CodeIgniter.php(355): CodeIgniter\CodeIgniter->handleRequest(null, Object(Config\Cache), false)
 4 SYSTEMPATH\Boot.php(325): CodeIgniter\CodeIgniter->run()
 5 SYSTEMPATH\Boot.php(67): CodeIgniter\Boot::runCodeIgniter(Object(CodeIgniter\CodeIgniter))
 6 FCPATH\index.php(56): CodeIgniter\Boot::bootWeb(Object(Config\Paths))
 7 SYSTEMPATH\rewrite.php(44): require_once('C:\\xampp\\htdocs\\Projet_Training\\BlogPlanete_CI4\\public\\index.php')
INFO - 2024-10-05 16:14:59 --> Session: Class initialized using 'CodeIgniter\Session\Handlers\FileHandler' driver.
INFO - 2024-10-05 16:15:43 --> Session: Class initialized using 'CodeIgniter\Session\Handlers\FileHandler' driver.
CRITICAL - 2024-10-05 16:15:46 --> ArgumentCountError: Too few arguments to function App\Controllers\Administrateur::ajouterUnAvis(), 0 passed in C:\xampp\htdocs\Projet_Training\BlogPlanete_CI4\system\CodeIgniter.php on line 933 and exactly 1 expected
[Method: POST, Route: administrateur/ajouterUnAvis]
in APPPATH\Controllers\Administrateur.php on line 105.
 1 SYSTEMPATH\CodeIgniter.php(933): App\Controllers\Administrateur->ajouterUnAvis()
 2 SYSTEMPATH\CodeIgniter.php(509): CodeIgniter\CodeIgniter->runController(Object(App\Controllers\Administrateur))
 3 SYSTEMPATH\CodeIgniter.php(355): CodeIgniter\CodeIgniter->handleRequest(null, Object(Config\Cache), false)
 4 SYSTEMPATH\Boot.php(325): CodeIgniter\CodeIgniter->run()
 5 SYSTEMPATH\Boot.php(67): CodeIgniter\Boot::runCodeIgniter(Object(CodeIgniter\CodeIgniter))
 6 FCPATH\index.php(56): CodeIgniter\Boot::bootWeb(Object(Config\Paths))
 7 SYSTEMPATH\rewrite.php(44): require_once('C:\\xampp\\htdocs\\Projet_Training\\BlogPlanete_CI4\\public\\index.php')
INFO - 2024-10-05 16:15:49 --> Session: Class initialized using 'CodeIgniter\Session\Handlers\FileHandler' driver.
INFO - 2024-10-05 16:16:02 --> Session: Class initialized using 'CodeIgniter\Session\Handlers\FileHandler' driver.
INFO - 2024-10-05 16:16:05 --> Session: Class initialized using 'CodeIgniter\Session\Handlers\FileHandler' driver.
ERROR - 2024-10-05 16:16:05 --> mysqli_sql_exception: Column 'NOARTICLE' cannot be null in C:\xampp\htdocs\Projet_Training\BlogPlanete_CI4\system\Database\MySQLi\Connection.php:312
Stack trace:
#0 C:\xampp\htdocs\Projet_Training\BlogPlanete_CI4\system\Database\MySQLi\Connection.php(312): mysqli->query('INSERT INTO `av...', 0)
#1 C:\xampp\htdocs\Projet_Training\BlogPlanete_CI4\system\Database\BaseConnection.php(734): CodeIgniter\Database\MySQLi\Connection->execute('INSERT INTO `av...')
#2 C:\xampp\htdocs\Projet_Training\BlogPlanete_CI4\system\Database\BaseConnection.php(648): CodeIgniter\Database\BaseConnection->simpleQuery('INSERT INTO `av...')
#3 C:\xampp\htdocs\Projet_Training\BlogPlanete_CI4\system\Database\BaseBuilder.php(2340): CodeIgniter\Database\BaseConnection->query('INSERT INTO `av...', Array, false)
#4 C:\xampp\htdocs\Projet_Training\BlogPlanete_CI4\system\Model.php(394): CodeIgniter\Database\BaseBuilder->insert()
#5 C:\xampp\htdocs\Projet_Training\BlogPlanete_CI4\system\BaseModel.php(840): CodeIgniter\Model->doInsert(Array)
#6 C:\xampp\htdocs\Projet_Training\BlogPlanete_CI4\system\Model.php(802): CodeIgniter\BaseModel->insert(Array, false)
#7 C:\xampp\htdocs\Projet_Training\BlogPlanete_CI4\system\BaseModel.php(751): CodeIgniter\Model->insert(Array, false)
#8 C:\xampp\htdocs\Projet_Training\BlogPlanete_CI4\app\Controllers\Administrateur.php(146): CodeIgniter\BaseModel->save(Array)
#9 C:\xampp\htdocs\Projet_Training\BlogPlanete_CI4\system\CodeIgniter.php(933): App\Controllers\Administrateur->ajouterUnAvis()
#10 C:\xampp\htdocs\Projet_Training\BlogPlanete_CI4\system\CodeIgniter.php(509): CodeIgniter\CodeIgniter->runController(Object(App\Controllers\Administrateur))
#11 C:\xampp\htdocs\Projet_Training\BlogPlanete_CI4\system\CodeIgniter.php(355): CodeIgniter\CodeIgniter->handleRequest(NULL, Object(Config\Cache), false)
#12 C:\xampp\htdocs\Projet_Training\BlogPlanete_CI4\system\Boot.php(325): CodeIgniter\CodeIgniter->run()
#13 C:\xampp\htdocs\Projet_Training\BlogPlanete_CI4\system\Boot.php(67): CodeIgniter\Boot::runCodeIgniter(Object(CodeIgniter\CodeIgniter))
#14 C:\xampp\htdocs\Projet_Training\BlogPlanete_CI4\public\index.php(56): CodeIgniter\Boot::bootWeb(Object(Config\Paths))
#15 C:\xampp\htdocs\Projet_Training\BlogPlanete_CI4\system\rewrite.php(44): require_once('C:\\xampp\\htdocs...')
#16 {main}
CRITICAL - 2024-10-05 16:16:05 --> CodeIgniter\Database\Exceptions\DatabaseException: Column 'NOARTICLE' cannot be null
[Method: POST, Route: administrateur/ajouterUnAvis]
in SYSTEMPATH\Database\BaseConnection.php on line 688.
 1 SYSTEMPATH\Database\BaseBuilder.php(2340): CodeIgniter\Database\BaseConnection->query('INSERT INTO `avis` (`NOARTICLE`, `NOUTILISATEUR`, `TITRE`, `CONTENU`) VALUES (:NOARTICLE:, :NOUTILISATEUR:, :TITRE:, :CONTENU:)', [...], false)
 2 SYSTEMPATH\Model.php(394): CodeIgniter\Database\BaseBuilder->insert()
 3 SYSTEMPATH\BaseModel.php(840): CodeIgniter\Model->doInsert([...])
 4 SYSTEMPATH\Model.php(802): CodeIgniter\BaseModel->insert([...], false)
 5 SYSTEMPATH\BaseModel.php(751): CodeIgniter\Model->insert([...], false)
 6 APPPATH\Controllers\Administrateur.php(146): CodeIgniter\BaseModel->save([...])
 7 SYSTEMPATH\CodeIgniter.php(933): App\Controllers\Administrateur->ajouterUnAvis()
 8 SYSTEMPATH\CodeIgniter.php(509): CodeIgniter\CodeIgniter->runController(Object(App\Controllers\Administrateur))
 9 SYSTEMPATH\CodeIgniter.php(355): CodeIgniter\CodeIgniter->handleRequest(null, Object(Config\Cache), false)
10 SYSTEMPATH\Boot.php(325): CodeIgniter\CodeIgniter->run()
11 SYSTEMPATH\Boot.php(67): CodeIgniter\Boot::runCodeIgniter(Object(CodeIgniter\CodeIgniter))
12 FCPATH\index.php(56): CodeIgniter\Boot::bootWeb(Object(Config\Paths))
13 SYSTEMPATH\rewrite.php(44): require_once('C:\\xampp\\htdocs\\Projet_Training\\BlogPlanete_CI4\\public\\index.php')
CRITICAL - 2024-10-05 16:16:05 --> [Caused by] CodeIgniter\Database\Exceptions\DatabaseException: Column 'NOARTICLE' cannot be null
in SYSTEMPATH\Database\MySQLi\Connection.php on line 317.
 1 SYSTEMPATH\Database\BaseConnection.php(734): CodeIgniter\Database\MySQLi\Connection->execute('INSERT INTO `avis` (`NOARTICLE`, `NOUTILISATEUR`, `TITRE`, `CONTENU`) VALUES (NULL, NULL, \'tt\', \'tt\')')
 2 SYSTEMPATH\Database\BaseConnection.php(648): CodeIgniter\Database\BaseConnection->simpleQuery('INSERT INTO `avis` (`NOARTICLE`, `NOUTILISATEUR`, `TITRE`, `CONTENU`) VALUES (NULL, NULL, \'tt\', \'tt\')')
 3 SYSTEMPATH\Database\BaseBuilder.php(2340): CodeIgniter\Database\BaseConnection->query('INSERT INTO `avis` (`NOARTICLE`, `NOUTILISATEUR`, `TITRE`, `CONTENU`) VALUES (:NOARTICLE:, :NOUTILISATEUR:, :TITRE:, :CONTENU:)', [...], false)
 4 SYSTEMPATH\Model.php(394): CodeIgniter\Database\BaseBuilder->insert()
 5 SYSTEMPATH\BaseModel.php(840): CodeIgniter\Model->doInsert([...])
 6 SYSTEMPATH\Model.php(802): CodeIgniter\BaseModel->insert([...], false)
 7 SYSTEMPATH\BaseModel.php(751): CodeIgniter\Model->insert([...], false)
 8 APPPATH\Controllers\Administrateur.php(146): CodeIgniter\BaseModel->save([...])
 9 SYSTEMPATH\CodeIgniter.php(933): App\Controllers\Administrateur->ajouterUnAvis()
10 SYSTEMPATH\CodeIgniter.php(509): CodeIgniter\CodeIgniter->runController(Object(App\Controllers\Administrateur))
11 SYSTEMPATH\CodeIgniter.php(355): CodeIgniter\CodeIgniter->handleRequest(null, Object(Config\Cache), false)
12 SYSTEMPATH\Boot.php(325): CodeIgniter\CodeIgniter->run()
13 SYSTEMPATH\Boot.php(67): CodeIgniter\Boot::runCodeIgniter(Object(CodeIgniter\CodeIgniter))
14 FCPATH\index.php(56): CodeIgniter\Boot::bootWeb(Object(Config\Paths))
15 SYSTEMPATH\rewrite.php(44): require_once('C:\\xampp\\htdocs\\Projet_Training\\BlogPlanete_CI4\\public\\index.php')
CRITICAL - 2024-10-05 16:16:05 --> [Caused by] mysqli_sql_exception: Column 'NOARTICLE' cannot be null
in SYSTEMPATH\Database\MySQLi\Connection.php on line 312.
 1 SYSTEMPATH\Database\MySQLi\Connection.php(312): mysqli->query('INSERT INTO `avis` (`NOARTICLE`, `NOUTILISATEUR`, `TITRE`, `CONTENU`) VALUES (NULL, NULL, \'tt\', \'tt\')', 0)
 2 SYSTEMPATH\Database\BaseConnection.php(734): CodeIgniter\Database\MySQLi\Connection->execute('INSERT INTO `avis` (`NOARTICLE`, `NOUTILISATEUR`, `TITRE`, `CONTENU`) VALUES (NULL, NULL, \'tt\', \'tt\')')
 3 SYSTEMPATH\Database\BaseConnection.php(648): CodeIgniter\Database\BaseConnection->simpleQuery('INSERT INTO `avis` (`NOARTICLE`, `NOUTILISATEUR`, `TITRE`, `CONTENU`) VALUES (NULL, NULL, \'tt\', \'tt\')')
 4 SYSTEMPATH\Database\BaseBuilder.php(2340): CodeIgniter\Database\BaseConnection->query('INSERT INTO `avis` (`NOARTICLE`, `NOUTILISATEUR`, `TITRE`, `CONTENU`) VALUES (:NOARTICLE:, :NOUTILISATEUR:, :TITRE:, :CONTENU:)', [...], false)
 5 SYSTEMPATH\Model.php(394): CodeIgniter\Database\BaseBuilder->insert()
 6 SYSTEMPATH\BaseModel.php(840): CodeIgniter\Model->doInsert([...])
 7 SYSTEMPATH\Model.php(802): CodeIgniter\BaseModel->insert([...], false)
 8 SYSTEMPATH\BaseModel.php(751): CodeIgniter\Model->insert([...], false)
 9 APPPATH\Controllers\Administrateur.php(146): CodeIgniter\BaseModel->save([...])
10 SYSTEMPATH\CodeIgniter.php(933): App\Controllers\Administrateur->ajouterUnAvis()
11 SYSTEMPATH\CodeIgniter.php(509): CodeIgniter\CodeIgniter->runController(Object(App\Controllers\Administrateur))
12 SYSTEMPATH\CodeIgniter.php(355): CodeIgniter\CodeIgniter->handleRequest(null, Object(Config\Cache), false)
13 SYSTEMPATH\Boot.php(325): CodeIgniter\CodeIgniter->run()
14 SYSTEMPATH\Boot.php(67): CodeIgniter\Boot::runCodeIgniter(Object(CodeIgniter\CodeIgniter))
15 FCPATH\index.php(56): CodeIgniter\Boot::bootWeb(Object(Config\Paths))
16 SYSTEMPATH\rewrite.php(44): require_once('C:\\xampp\\htdocs\\Projet_Training\\BlogPlanete_CI4\\public\\index.php')
INFO - 2024-10-05 16:16:09 --> Session: Class initialized using 'CodeIgniter\Session\Handlers\FileHandler' driver.
INFO - 2024-10-05 16:17:15 --> Session: Class initialized using 'CodeIgniter\Session\Handlers\FileHandler' driver.
CRITICAL - 2024-10-05 16:17:18 --> ArgumentCountError: Too few arguments to function App\Controllers\Administrateur::ajouterUnAvis(), 0 passed in C:\xampp\htdocs\Projet_Training\BlogPlanete_CI4\system\CodeIgniter.php on line 933 and exactly 1 expected
[Method: POST, Route: administrateur/ajouterUnAvis]
in APPPATH\Controllers\Administrateur.php on line 105.
 1 SYSTEMPATH\CodeIgniter.php(933): App\Controllers\Administrateur->ajouterUnAvis()
 2 SYSTEMPATH\CodeIgniter.php(509): CodeIgniter\CodeIgniter->runController(Object(App\Controllers\Administrateur))
 3 SYSTEMPATH\CodeIgniter.php(355): CodeIgniter\CodeIgniter->handleRequest(null, Object(Config\Cache), false)
 4 SYSTEMPATH\Boot.php(325): CodeIgniter\CodeIgniter->run()
 5 SYSTEMPATH\Boot.php(67): CodeIgniter\Boot::runCodeIgniter(Object(CodeIgniter\CodeIgniter))
 6 FCPATH\index.php(56): CodeIgniter\Boot::bootWeb(Object(Config\Paths))
 7 SYSTEMPATH\rewrite.php(44): require_once('C:\\xampp\\htdocs\\Projet_Training\\BlogPlanete_CI4\\public\\index.php')
INFO - 2024-10-05 16:17:21 --> Session: Class initialized using 'CodeIgniter\Session\Handlers\FileHandler' driver.
INFO - 2024-10-05 16:17:32 --> Session: Class initialized using 'CodeIgniter\Session\Handlers\FileHandler' driver.
INFO - 2024-10-05 16:17:37 --> Session: Class initialized using 'CodeIgniter\Session\Handlers\FileHandler' driver.
ERROR - 2024-10-05 16:17:37 --> mysqli_sql_exception: Column 'NOARTICLE' cannot be null in C:\xampp\htdocs\Projet_Training\BlogPlanete_CI4\system\Database\MySQLi\Connection.php:312
Stack trace:
#0 C:\xampp\htdocs\Projet_Training\BlogPlanete_CI4\system\Database\MySQLi\Connection.php(312): mysqli->query('INSERT INTO `av...', 0)
#1 C:\xampp\htdocs\Projet_Training\BlogPlanete_CI4\system\Database\BaseConnection.php(734): CodeIgniter\Database\MySQLi\Connection->execute('INSERT INTO `av...')
#2 C:\xampp\htdocs\Projet_Training\BlogPlanete_CI4\system\Database\BaseConnection.php(648): CodeIgniter\Database\BaseConnection->simpleQuery('INSERT INTO `av...')
#3 C:\xampp\htdocs\Projet_Training\BlogPlanete_CI4\system\Database\BaseBuilder.php(2340): CodeIgniter\Database\BaseConnection->query('INSERT INTO `av...', Array, false)
#4 C:\xampp\htdocs\Projet_Training\BlogPlanete_CI4\system\Model.php(394): CodeIgniter\Database\BaseBuilder->insert()
#5 C:\xampp\htdocs\Projet_Training\BlogPlanete_CI4\system\BaseModel.php(840): CodeIgniter\Model->doInsert(Array)
#6 C:\xampp\htdocs\Projet_Training\BlogPlanete_CI4\system\Model.php(802): CodeIgniter\BaseModel->insert(Array, false)
#7 C:\xampp\htdocs\Projet_Training\BlogPlanete_CI4\system\BaseModel.php(751): CodeIgniter\Model->insert(Array, false)
#8 C:\xampp\htdocs\Projet_Training\BlogPlanete_CI4\app\Controllers\Administrateur.php(146): CodeIgniter\BaseModel->save(Array)
#9 C:\xampp\htdocs\Projet_Training\BlogPlanete_CI4\system\CodeIgniter.php(933): App\Controllers\Administrateur->ajouterUnAvis()
#10 C:\xampp\htdocs\Projet_Training\BlogPlanete_CI4\system\CodeIgniter.php(509): CodeIgniter\CodeIgniter->runController(Object(App\Controllers\Administrateur))
#11 C:\xampp\htdocs\Projet_Training\BlogPlanete_CI4\system\CodeIgniter.php(355): CodeIgniter\CodeIgniter->handleRequest(NULL, Object(Config\Cache), false)
#12 C:\xampp\htdocs\Projet_Training\BlogPlanete_CI4\system\Boot.php(325): CodeIgniter\CodeIgniter->run()
#13 C:\xampp\htdocs\Projet_Training\BlogPlanete_CI4\system\Boot.php(67): CodeIgniter\Boot::runCodeIgniter(Object(CodeIgniter\CodeIgniter))
#14 C:\xampp\htdocs\Projet_Training\BlogPlanete_CI4\public\index.php(56): CodeIgniter\Boot::bootWeb(Object(Config\Paths))
#15 C:\xampp\htdocs\Projet_Training\BlogPlanete_CI4\system\rewrite.php(44): require_once('C:\\xampp\\htdocs...')
#16 {main}
CRITICAL - 2024-10-05 16:17:37 --> CodeIgniter\Database\Exceptions\DatabaseException: Column 'NOARTICLE' cannot be null
[Method: POST, Route: administrateur/ajouterUnAvis]
in SYSTEMPATH\Database\BaseConnection.php on line 688.
 1 SYSTEMPATH\Database\BaseBuilder.php(2340): CodeIgniter\Database\BaseConnection->query('INSERT INTO `avis` (`NOARTICLE`, `NOUTILISATEUR`, `TITRE`, `CONTENU`) VALUES (:NOARTICLE:, :NOUTILISATEUR:, :TITRE:, :CONTENU:)', [...], false)
 2 SYSTEMPATH\Model.php(394): CodeIgniter\Database\BaseBuilder->insert()
 3 SYSTEMPATH\BaseModel.php(840): CodeIgniter\Model->doInsert([...])
 4 SYSTEMPATH\Model.php(802): CodeIgniter\BaseModel->insert([...], false)
 5 SYSTEMPATH\BaseModel.php(751): CodeIgniter\Model->insert([...], false)
 6 APPPATH\Controllers\Administrateur.php(146): CodeIgniter\BaseModel->save([...])
 7 SYSTEMPATH\CodeIgniter.php(933): App\Controllers\Administrateur->ajouterUnAvis()
 8 SYSTEMPATH\CodeIgniter.php(509): CodeIgniter\CodeIgniter->runController(Object(App\Controllers\Administrateur))
 9 SYSTEMPATH\CodeIgniter.php(355): CodeIgniter\CodeIgniter->handleRequest(null, Object(Config\Cache), false)
10 SYSTEMPATH\Boot.php(325): CodeIgniter\CodeIgniter->run()
11 SYSTEMPATH\Boot.php(67): CodeIgniter\Boot::runCodeIgniter(Object(CodeIgniter\CodeIgniter))
12 FCPATH\index.php(56): CodeIgniter\Boot::bootWeb(Object(Config\Paths))
13 SYSTEMPATH\rewrite.php(44): require_once('C:\\xampp\\htdocs\\Projet_Training\\BlogPlanete_CI4\\public\\index.php')
CRITICAL - 2024-10-05 16:17:37 --> [Caused by] CodeIgniter\Database\Exceptions\DatabaseException: Column 'NOARTICLE' cannot be null
in SYSTEMPATH\Database\MySQLi\Connection.php on line 317.
 1 SYSTEMPATH\Database\BaseConnection.php(734): CodeIgniter\Database\MySQLi\Connection->execute('INSERT INTO `avis` (`NOARTICLE`, `NOUTILISATEUR`, `TITRE`, `CONTENU`) VALUES (NULL, NULL, \'tt\', \'tt\')')
 2 SYSTEMPATH\Database\BaseConnection.php(648): CodeIgniter\Database\BaseConnection->simpleQuery('INSERT INTO `avis` (`NOARTICLE`, `NOUTILISATEUR`, `TITRE`, `CONTENU`) VALUES (NULL, NULL, \'tt\', \'tt\')')
 3 SYSTEMPATH\Database\BaseBuilder.php(2340): CodeIgniter\Database\BaseConnection->query('INSERT INTO `avis` (`NOARTICLE`, `NOUTILISATEUR`, `TITRE`, `CONTENU`) VALUES (:NOARTICLE:, :NOUTILISATEUR:, :TITRE:, :CONTENU:)', [...], false)
 4 SYSTEMPATH\Model.php(394): CodeIgniter\Database\BaseBuilder->insert()
 5 SYSTEMPATH\BaseModel.php(840): CodeIgniter\Model->doInsert([...])
 6 SYSTEMPATH\Model.php(802): CodeIgniter\BaseModel->insert([...], false)
 7 SYSTEMPATH\BaseModel.php(751): CodeIgniter\Model->insert([...], false)
 8 APPPATH\Controllers\Administrateur.php(146): CodeIgniter\BaseModel->save([...])
 9 SYSTEMPATH\CodeIgniter.php(933): App\Controllers\Administrateur->ajouterUnAvis()
10 SYSTEMPATH\CodeIgniter.php(509): CodeIgniter\CodeIgniter->runController(Object(App\Controllers\Administrateur))
11 SYSTEMPATH\CodeIgniter.php(355): CodeIgniter\CodeIgniter->handleRequest(null, Object(Config\Cache), false)
12 SYSTEMPATH\Boot.php(325): CodeIgniter\CodeIgniter->run()
13 SYSTEMPATH\Boot.php(67): CodeIgniter\Boot::runCodeIgniter(Object(CodeIgniter\CodeIgniter))
14 FCPATH\index.php(56): CodeIgniter\Boot::bootWeb(Object(Config\Paths))
15 SYSTEMPATH\rewrite.php(44): require_once('C:\\xampp\\htdocs\\Projet_Training\\BlogPlanete_CI4\\public\\index.php')
CRITICAL - 2024-10-05 16:17:37 --> [Caused by] mysqli_sql_exception: Column 'NOARTICLE' cannot be null
in SYSTEMPATH\Database\MySQLi\Connection.php on line 312.
 1 SYSTEMPATH\Database\MySQLi\Connection.php(312): mysqli->query('INSERT INTO `avis` (`NOARTICLE`, `NOUTILISATEUR`, `TITRE`, `CONTENU`) VALUES (NULL, NULL, \'tt\', \'tt\')', 0)
 2 SYSTEMPATH\Database\BaseConnection.php(734): CodeIgniter\Database\MySQLi\Connection->execute('INSERT INTO `avis` (`NOARTICLE`, `NOUTILISATEUR`, `TITRE`, `CONTENU`) VALUES (NULL, NULL, \'tt\', \'tt\')')
 3 SYSTEMPATH\Database\BaseConnection.php(648): CodeIgniter\Database\BaseConnection->simpleQuery('INSERT INTO `avis` (`NOARTICLE`, `NOUTILISATEUR`, `TITRE`, `CONTENU`) VALUES (NULL, NULL, \'tt\', \'tt\')')
 4 SYSTEMPATH\Database\BaseBuilder.php(2340): CodeIgniter\Database\BaseConnection->query('INSERT INTO `avis` (`NOARTICLE`, `NOUTILISATEUR`, `TITRE`, `CONTENU`) VALUES (:NOARTICLE:, :NOUTILISATEUR:, :TITRE:, :CONTENU:)', [...], false)
 5 SYSTEMPATH\Model.php(394): CodeIgniter\Database\BaseBuilder->insert()
 6 SYSTEMPATH\BaseModel.php(840): CodeIgniter\Model->doInsert([...])
 7 SYSTEMPATH\Model.php(802): CodeIgniter\BaseModel->insert([...], false)
 8 SYSTEMPATH\BaseModel.php(751): CodeIgniter\Model->insert([...], false)
 9 APPPATH\Controllers\Administrateur.php(146): CodeIgniter\BaseModel->save([...])
10 SYSTEMPATH\CodeIgniter.php(933): App\Controllers\Administrateur->ajouterUnAvis()
11 SYSTEMPATH\CodeIgniter.php(509): CodeIgniter\CodeIgniter->runController(Object(App\Controllers\Administrateur))
12 SYSTEMPATH\CodeIgniter.php(355): CodeIgniter\CodeIgniter->handleRequest(null, Object(Config\Cache), false)
13 SYSTEMPATH\Boot.php(325): CodeIgniter\CodeIgniter->run()
14 SYSTEMPATH\Boot.php(67): CodeIgniter\Boot::runCodeIgniter(Object(CodeIgniter\CodeIgniter))
15 FCPATH\index.php(56): CodeIgniter\Boot::bootWeb(Object(Config\Paths))
16 SYSTEMPATH\rewrite.php(44): require_once('C:\\xampp\\htdocs\\Projet_Training\\BlogPlanete_CI4\\public\\index.php')
INFO - 2024-10-05 16:17:42 --> Session: Class initialized using 'CodeIgniter\Session\Handlers\FileHandler' driver.
INFO - 2024-10-05 16:17:49 --> Session: Class initialized using 'CodeIgniter\Session\Handlers\FileHandler' driver.
INFO - 2024-10-05 16:17:53 --> Session: Class initialized using 'CodeIgniter\Session\Handlers\FileHandler' driver.
ERROR - 2024-10-05 16:17:53 --> mysqli_sql_exception: Column 'NOARTICLE' cannot be null in C:\xampp\htdocs\Projet_Training\BlogPlanete_CI4\system\Database\MySQLi\Connection.php:312
Stack trace:
#0 C:\xampp\htdocs\Projet_Training\BlogPlanete_CI4\system\Database\MySQLi\Connection.php(312): mysqli->query('INSERT INTO `av...', 0)
#1 C:\xampp\htdocs\Projet_Training\BlogPlanete_CI4\system\Database\BaseConnection.php(734): CodeIgniter\Database\MySQLi\Connection->execute('INSERT INTO `av...')
#2 C:\xampp\htdocs\Projet_Training\BlogPlanete_CI4\system\Database\BaseConnection.php(648): CodeIgniter\Database\BaseConnection->simpleQuery('INSERT INTO `av...')
#3 C:\xampp\htdocs\Projet_Training\BlogPlanete_CI4\system\Database\BaseBuilder.php(2340): CodeIgniter\Database\BaseConnection->query('INSERT INTO `av...', Array, false)
#4 C:\xampp\htdocs\Projet_Training\BlogPlanete_CI4\system\Model.php(394): CodeIgniter\Database\BaseBuilder->insert()
#5 C:\xampp\htdocs\Projet_Training\BlogPlanete_CI4\system\BaseModel.php(840): CodeIgniter\Model->doInsert(Array)
#6 C:\xampp\htdocs\Projet_Training\BlogPlanete_CI4\system\Model.php(802): CodeIgniter\BaseModel->insert(Array, false)
#7 C:\xampp\htdocs\Projet_Training\BlogPlanete_CI4\system\BaseModel.php(751): CodeIgniter\Model->insert(Array, false)
#8 C:\xampp\htdocs\Projet_Training\BlogPlanete_CI4\app\Controllers\Administrateur.php(146): CodeIgniter\BaseModel->save(Array)
#9 C:\xampp\htdocs\Projet_Training\BlogPlanete_CI4\system\CodeIgniter.php(933): App\Controllers\Administrateur->ajouterUnAvis()
#10 C:\xampp\htdocs\Projet_Training\BlogPlanete_CI4\system\CodeIgniter.php(509): CodeIgniter\CodeIgniter->runController(Object(App\Controllers\Administrateur))
#11 C:\xampp\htdocs\Projet_Training\BlogPlanete_CI4\system\CodeIgniter.php(355): CodeIgniter\CodeIgniter->handleRequest(NULL, Object(Config\Cache), false)
#12 C:\xampp\htdocs\Projet_Training\BlogPlanete_CI4\system\Boot.php(325): CodeIgniter\CodeIgniter->run()
#13 C:\xampp\htdocs\Projet_Training\BlogPlanete_CI4\system\Boot.php(67): CodeIgniter\Boot::runCodeIgniter(Object(CodeIgniter\CodeIgniter))
#14 C:\xampp\htdocs\Projet_Training\BlogPlanete_CI4\public\index.php(56): CodeIgniter\Boot::bootWeb(Object(Config\Paths))
#15 C:\xampp\htdocs\Projet_Training\BlogPlanete_CI4\system\rewrite.php(44): require_once('C:\\xampp\\htdocs...')
#16 {main}
CRITICAL - 2024-10-05 16:17:53 --> CodeIgniter\Database\Exceptions\DatabaseException: Column 'NOARTICLE' cannot be null
[Method: POST, Route: administrateur/ajouterUnAvis]
in SYSTEMPATH\Database\BaseConnection.php on line 688.
 1 SYSTEMPATH\Database\BaseBuilder.php(2340): CodeIgniter\Database\BaseConnection->query('INSERT INTO `avis` (`NOARTICLE`, `NOUTILISATEUR`, `TITRE`, `CONTENU`) VALUES (:NOARTICLE:, :NOUTILISATEUR:, :TITRE:, :CONTENU:)', [...], false)
 2 SYSTEMPATH\Model.php(394): CodeIgniter\Database\BaseBuilder->insert()
 3 SYSTEMPATH\BaseModel.php(840): CodeIgniter\Model->doInsert([...])
 4 SYSTEMPATH\Model.php(802): CodeIgniter\BaseModel->insert([...], false)
 5 SYSTEMPATH\BaseModel.php(751): CodeIgniter\Model->insert([...], false)
 6 APPPATH\Controllers\Administrateur.php(146): CodeIgniter\BaseModel->save([...])
 7 SYSTEMPATH\CodeIgniter.php(933): App\Controllers\Administrateur->ajouterUnAvis()
 8 SYSTEMPATH\CodeIgniter.php(509): CodeIgniter\CodeIgniter->runController(Object(App\Controllers\Administrateur))
 9 SYSTEMPATH\CodeIgniter.php(355): CodeIgniter\CodeIgniter->handleRequest(null, Object(Config\Cache), false)
10 SYSTEMPATH\Boot.php(325): CodeIgniter\CodeIgniter->run()
11 SYSTEMPATH\Boot.php(67): CodeIgniter\Boot::runCodeIgniter(Object(CodeIgniter\CodeIgniter))
12 FCPATH\index.php(56): CodeIgniter\Boot::bootWeb(Object(Config\Paths))
13 SYSTEMPATH\rewrite.php(44): require_once('C:\\xampp\\htdocs\\Projet_Training\\BlogPlanete_CI4\\public\\index.php')
CRITICAL - 2024-10-05 16:17:53 --> [Caused by] CodeIgniter\Database\Exceptions\DatabaseException: Column 'NOARTICLE' cannot be null
in SYSTEMPATH\Database\MySQLi\Connection.php on line 317.
 1 SYSTEMPATH\Database\BaseConnection.php(734): CodeIgniter\Database\MySQLi\Connection->execute('INSERT INTO `avis` (`NOARTICLE`, `NOUTILISATEUR`, `TITRE`, `CONTENU`) VALUES (NULL, NULL, \'fgfg\', \'gffg\')')
 2 SYSTEMPATH\Database\BaseConnection.php(648): CodeIgniter\Database\BaseConnection->simpleQuery('INSERT INTO `avis` (`NOARTICLE`, `NOUTILISATEUR`, `TITRE`, `CONTENU`) VALUES (NULL, NULL, \'fgfg\', \'gffg\')')
 3 SYSTEMPATH\Database\BaseBuilder.php(2340): CodeIgniter\Database\BaseConnection->query('INSERT INTO `avis` (`NOARTICLE`, `NOUTILISATEUR`, `TITRE`, `CONTENU`) VALUES (:NOARTICLE:, :NOUTILISATEUR:, :TITRE:, :CONTENU:)', [...], false)
 4 SYSTEMPATH\Model.php(394): CodeIgniter\Database\BaseBuilder->insert()
 5 SYSTEMPATH\BaseModel.php(840): CodeIgniter\Model->doInsert([...])
 6 SYSTEMPATH\Model.php(802): CodeIgniter\BaseModel->insert([...], false)
 7 SYSTEMPATH\BaseModel.php(751): CodeIgniter\Model->insert([...], false)
 8 APPPATH\Controllers\Administrateur.php(146): CodeIgniter\BaseModel->save([...])
 9 SYSTEMPATH\CodeIgniter.php(933): App\Controllers\Administrateur->ajouterUnAvis()
10 SYSTEMPATH\CodeIgniter.php(509): CodeIgniter\CodeIgniter->runController(Object(App\Controllers\Administrateur))
11 SYSTEMPATH\CodeIgniter.php(355): CodeIgniter\CodeIgniter->handleRequest(null, Object(Config\Cache), false)
12 SYSTEMPATH\Boot.php(325): CodeIgniter\CodeIgniter->run()
13 SYSTEMPATH\Boot.php(67): CodeIgniter\Boot::runCodeIgniter(Object(CodeIgniter\CodeIgniter))
14 FCPATH\index.php(56): CodeIgniter\Boot::bootWeb(Object(Config\Paths))
15 SYSTEMPATH\rewrite.php(44): require_once('C:\\xampp\\htdocs\\Projet_Training\\BlogPlanete_CI4\\public\\index.php')
CRITICAL - 2024-10-05 16:17:53 --> [Caused by] mysqli_sql_exception: Column 'NOARTICLE' cannot be null
in SYSTEMPATH\Database\MySQLi\Connection.php on line 312.
 1 SYSTEMPATH\Database\MySQLi\Connection.php(312): mysqli->query('INSERT INTO `avis` (`NOARTICLE`, `NOUTILISATEUR`, `TITRE`, `CONTENU`) VALUES (NULL, NULL, \'fgfg\', \'gffg\')', 0)
 2 SYSTEMPATH\Database\BaseConnection.php(734): CodeIgniter\Database\MySQLi\Connection->execute('INSERT INTO `avis` (`NOARTICLE`, `NOUTILISATEUR`, `TITRE`, `CONTENU`) VALUES (NULL, NULL, \'fgfg\', \'gffg\')')
 3 SYSTEMPATH\Database\BaseConnection.php(648): CodeIgniter\Database\BaseConnection->simpleQuery('INSERT INTO `avis` (`NOARTICLE`, `NOUTILISATEUR`, `TITRE`, `CONTENU`) VALUES (NULL, NULL, \'fgfg\', \'gffg\')')
 4 SYSTEMPATH\Database\BaseBuilder.php(2340): CodeIgniter\Database\BaseConnection->query('INSERT INTO `avis` (`NOARTICLE`, `NOUTILISATEUR`, `TITRE`, `CONTENU`) VALUES (:NOARTICLE:, :NOUTILISATEUR:, :TITRE:, :CONTENU:)', [...], false)
 5 SYSTEMPATH\Model.php(394): CodeIgniter\Database\BaseBuilder->insert()
 6 SYSTEMPATH\BaseModel.php(840): CodeIgniter\Model->doInsert([...])
 7 SYSTEMPATH\Model.php(802): CodeIgniter\BaseModel->insert([...], false)
 8 SYSTEMPATH\BaseModel.php(751): CodeIgniter\Model->insert([...], false)
 9 APPPATH\Controllers\Administrateur.php(146): CodeIgniter\BaseModel->save([...])
10 SYSTEMPATH\CodeIgniter.php(933): App\Controllers\Administrateur->ajouterUnAvis()
11 SYSTEMPATH\CodeIgniter.php(509): CodeIgniter\CodeIgniter->runController(Object(App\Controllers\Administrateur))
12 SYSTEMPATH\CodeIgniter.php(355): CodeIgniter\CodeIgniter->handleRequest(null, Object(Config\Cache), false)
13 SYSTEMPATH\Boot.php(325): CodeIgniter\CodeIgniter->run()
14 SYSTEMPATH\Boot.php(67): CodeIgniter\Boot::runCodeIgniter(Object(CodeIgniter\CodeIgniter))
15 FCPATH\index.php(56): CodeIgniter\Boot::bootWeb(Object(Config\Paths))
16 SYSTEMPATH\rewrite.php(44): require_once('C:\\xampp\\htdocs\\Projet_Training\\BlogPlanete_CI4\\public\\index.php')
INFO - 2024-10-05 16:17:58 --> Session: Class initialized using 'CodeIgniter\Session\Handlers\FileHandler' driver.
INFO - 2024-10-05 16:20:39 --> Session: Class initialized using 'CodeIgniter\Session\Handlers\FileHandler' driver.
INFO - 2024-10-05 16:20:52 --> Session: Class initialized using 'CodeIgniter\Session\Handlers\FileHandler' driver.
INFO - 2024-10-05 16:20:55 --> Session: Class initialized using 'CodeIgniter\Session\Handlers\FileHandler' driver.
CRITICAL - 2024-10-05 16:20:55 --> ErrorException: Undefined array key "NOARTICLE"
[Method: POST, Route: administrateur/ajouterUnAvis]
in APPPATH\Controllers\Administrateur.php on line 140.
 1 APPPATH\Controllers\Administrateur.php(140): CodeIgniter\Debug\Exceptions->errorHandler(2, 'Undefined array key "NOARTICLE"', 'C:\\xampp\\htdocs\\Projet_Training\\BlogPlanete_CI4\\app\\Controllers\\Administrateur.php', 140)
 2 SYSTEMPATH\CodeIgniter.php(933): App\Controllers\Administrateur->ajouterUnAvis()
 3 SYSTEMPATH\CodeIgniter.php(509): CodeIgniter\CodeIgniter->runController(Object(App\Controllers\Administrateur))
 4 SYSTEMPATH\CodeIgniter.php(355): CodeIgniter\CodeIgniter->handleRequest(null, Object(Config\Cache), false)
 5 SYSTEMPATH\Boot.php(325): CodeIgniter\CodeIgniter->run()
 6 SYSTEMPATH\Boot.php(67): CodeIgniter\Boot::runCodeIgniter(Object(CodeIgniter\CodeIgniter))
 7 FCPATH\index.php(56): CodeIgniter\Boot::bootWeb(Object(Config\Paths))
 8 SYSTEMPATH\rewrite.php(44): require_once('C:\\xampp\\htdocs\\Projet_Training\\BlogPlanete_CI4\\public\\index.php')
INFO - 2024-10-05 16:20:59 --> Session: Class initialized using 'CodeIgniter\Session\Handlers\FileHandler' driver.
INFO - 2024-10-05 16:29:43 --> Session: Class initialized using 'CodeIgniter\Session\Handlers\FileHandler' driver.
CRITICAL - 2024-10-05 16:30:02 --> ArgumentCountError: Too few arguments to function App\Controllers\Administrateur::ajouterUnAvis(), 0 passed in C:\xampp\htdocs\Projet_Training\BlogPlanete_CI4\system\CodeIgniter.php on line 933 and exactly 1 expected
[Method: POST, Route: administrateur/ajouterUnAvis]
in APPPATH\Controllers\Administrateur.php on line 105.
 1 SYSTEMPATH\CodeIgniter.php(933): App\Controllers\Administrateur->ajouterUnAvis()
 2 SYSTEMPATH\CodeIgniter.php(509): CodeIgniter\CodeIgniter->runController(Object(App\Controllers\Administrateur))
 3 SYSTEMPATH\CodeIgniter.php(355): CodeIgniter\CodeIgniter->handleRequest(null, Object(Config\Cache), false)
 4 SYSTEMPATH\Boot.php(325): CodeIgniter\CodeIgniter->run()
 5 SYSTEMPATH\Boot.php(67): CodeIgniter\Boot::runCodeIgniter(Object(CodeIgniter\CodeIgniter))
 6 FCPATH\index.php(56): CodeIgniter\Boot::bootWeb(Object(Config\Paths))
 7 SYSTEMPATH\rewrite.php(44): require_once('C:\\xampp\\htdocs\\Projet_Training\\BlogPlanete_CI4\\public\\index.php')
INFO - 2024-10-05 16:30:04 --> Session: Class initialized using 'CodeIgniter\Session\Handlers\FileHandler' driver.
CRITICAL - 2024-10-05 16:31:10 --> ArgumentCountError: Too few arguments to function App\Controllers\Administrateur::ajouterUnAvis(), 0 passed in C:\xampp\htdocs\Projet_Training\BlogPlanete_CI4\system\CodeIgniter.php on line 933 and exactly 1 expected
[Method: POST, Route: administrateur/ajouterUnAvis]
in APPPATH\Controllers\Administrateur.php on line 105.
 1 SYSTEMPATH\CodeIgniter.php(933): App\Controllers\Administrateur->ajouterUnAvis()
 2 SYSTEMPATH\CodeIgniter.php(509): CodeIgniter\CodeIgniter->runController(Object(App\Controllers\Administrateur))
 3 SYSTEMPATH\CodeIgniter.php(355): CodeIgniter\CodeIgniter->handleRequest(null, Object(Config\Cache), false)
 4 SYSTEMPATH\Boot.php(325): CodeIgniter\CodeIgniter->run()
 5 SYSTEMPATH\Boot.php(67): CodeIgniter\Boot::runCodeIgniter(Object(CodeIgniter\CodeIgniter))
 6 FCPATH\index.php(56): CodeIgniter\Boot::bootWeb(Object(Config\Paths))
 7 SYSTEMPATH\rewrite.php(44): require_once('C:\\xampp\\htdocs\\Projet_Training\\BlogPlanete_CI4\\public\\index.php')
INFO - 2024-10-05 16:33:33 --> Session: Class initialized using 'CodeIgniter\Session\Handlers\FileHandler' driver.
CRITICAL - 2024-10-05 16:33:42 --> ArgumentCountError: Too few arguments to function App\Controllers\Administrateur::ajouterUnAvis(), 0 passed in C:\xampp\htdocs\Projet_Training\BlogPlanete_CI4\system\CodeIgniter.php on line 933 and exactly 1 expected
[Method: POST, Route: administrateur/ajouterUnAvis]
in APPPATH\Controllers\Administrateur.php on line 105.
 1 SYSTEMPATH\CodeIgniter.php(933): App\Controllers\Administrateur->ajouterUnAvis()
 2 SYSTEMPATH\CodeIgniter.php(509): CodeIgniter\CodeIgniter->runController(Object(App\Controllers\Administrateur))
 3 SYSTEMPATH\CodeIgniter.php(355): CodeIgniter\CodeIgniter->handleRequest(null, Object(Config\Cache), false)
 4 SYSTEMPATH\Boot.php(325): CodeIgniter\CodeIgniter->run()
 5 SYSTEMPATH\Boot.php(67): CodeIgniter\Boot::runCodeIgniter(Object(CodeIgniter\CodeIgniter))
 6 FCPATH\index.php(56): CodeIgniter\Boot::bootWeb(Object(Config\Paths))
 7 SYSTEMPATH\rewrite.php(44): require_once('C:\\xampp\\htdocs\\Projet_Training\\BlogPlanete_CI4\\public\\index.php')
INFO - 2024-10-05 16:33:44 --> Session: Class initialized using 'CodeIgniter\Session\Handlers\FileHandler' driver.
INFO - 2024-10-05 16:35:47 --> Session: Class initialized using 'CodeIgniter\Session\Handlers\FileHandler' driver.
CRITICAL - 2024-10-05 16:35:47 --> BadMethodCallException: Call to undefined method App\Models\ModeleArticle::retournerArticle
[Method: GET, Route: administrateur/ajouterUnAvis/4]
in SYSTEMPATH\Model.php on line 932.
 1 APPPATH\Controllers\Administrateur.php(112): CodeIgniter\Model->__call('retournerArticle', [])
 2 SYSTEMPATH\CodeIgniter.php(933): App\Controllers\Administrateur->ajouterUnAvis('4')
 3 SYSTEMPATH\CodeIgniter.php(509): CodeIgniter\CodeIgniter->runController(Object(App\Controllers\Administrateur))
 4 SYSTEMPATH\CodeIgniter.php(355): CodeIgniter\CodeIgniter->handleRequest(null, Object(Config\Cache), false)
 5 SYSTEMPATH\Boot.php(325): CodeIgniter\CodeIgniter->run()
 6 SYSTEMPATH\Boot.php(67): CodeIgniter\Boot::runCodeIgniter(Object(CodeIgniter\CodeIgniter))
 7 FCPATH\index.php(56): CodeIgniter\Boot::bootWeb(Object(Config\Paths))
 8 SYSTEMPATH\rewrite.php(44): require_once('C:\\xampp\\htdocs\\Projet_Training\\BlogPlanete_CI4\\public\\index.php')
INFO - 2024-10-05 16:36:05 --> Session: Class initialized using 'CodeIgniter\Session\Handlers\FileHandler' driver.
CRITICAL - 2024-10-05 16:36:05 --> BadMethodCallException: Call to undefined method App\Models\ModeleArticle::retournerArticle
[Method: GET, Route: administrateur/ajouterUnAvis/4]
in SYSTEMPATH\Model.php on line 932.
 1 APPPATH\Controllers\Administrateur.php(112): CodeIgniter\Model->__call('retournerArticle', [])
 2 SYSTEMPATH\CodeIgniter.php(933): App\Controllers\Administrateur->ajouterUnAvis('4')
 3 SYSTEMPATH\CodeIgniter.php(509): CodeIgniter\CodeIgniter->runController(Object(App\Controllers\Administrateur))
 4 SYSTEMPATH\CodeIgniter.php(355): CodeIgniter\CodeIgniter->handleRequest(null, Object(Config\Cache), false)
 5 SYSTEMPATH\Boot.php(325): CodeIgniter\CodeIgniter->run()
 6 SYSTEMPATH\Boot.php(67): CodeIgniter\Boot::runCodeIgniter(Object(CodeIgniter\CodeIgniter))
 7 FCPATH\index.php(56): CodeIgniter\Boot::bootWeb(Object(Config\Paths))
 8 SYSTEMPATH\rewrite.php(44): require_once('C:\\xampp\\htdocs\\Projet_Training\\BlogPlanete_CI4\\public\\index.php')
INFO - 2024-10-05 16:36:08 --> Session: Class initialized using 'CodeIgniter\Session\Handlers\FileHandler' driver.
INFO - 2024-10-05 16:36:10 --> Session: Class initialized using 'CodeIgniter\Session\Handlers\FileHandler' driver.
CRITICAL - 2024-10-05 16:36:10 --> BadMethodCallException: Call to undefined method App\Models\ModeleArticle::retournerArticle
[Method: GET, Route: administrateur/ajouterUnAvis/4]
in SYSTEMPATH\Model.php on line 932.
 1 APPPATH\Controllers\Administrateur.php(112): CodeIgniter\Model->__call('retournerArticle', [])
 2 SYSTEMPATH\CodeIgniter.php(933): App\Controllers\Administrateur->ajouterUnAvis('4')
 3 SYSTEMPATH\CodeIgniter.php(509): CodeIgniter\CodeIgniter->runController(Object(App\Controllers\Administrateur))
 4 SYSTEMPATH\CodeIgniter.php(355): CodeIgniter\CodeIgniter->handleRequest(null, Object(Config\Cache), false)
 5 SYSTEMPATH\Boot.php(325): CodeIgniter\CodeIgniter->run()
 6 SYSTEMPATH\Boot.php(67): CodeIgniter\Boot::runCodeIgniter(Object(CodeIgniter\CodeIgniter))
 7 FCPATH\index.php(56): CodeIgniter\Boot::bootWeb(Object(Config\Paths))
 8 SYSTEMPATH\rewrite.php(44): require_once('C:\\xampp\\htdocs\\Projet_Training\\BlogPlanete_CI4\\public\\index.php')
INFO - 2024-10-05 16:36:21 --> Session: Class initialized using 'CodeIgniter\Session\Handlers\FileHandler' driver.
INFO - 2024-10-05 16:36:27 --> Session: Class initialized using 'CodeIgniter\Session\Handlers\FileHandler' driver.
CRITICAL - 2024-10-05 16:36:27 --> Error: Call to a member function get() on array
[Method: POST, Route: administrateur/ajouterUnAvis]
in APPPATH\Controllers\Administrateur.php on line 141.
 1 SYSTEMPATH\CodeIgniter.php(933): App\Controllers\Administrateur->ajouterUnAvis()
 2 SYSTEMPATH\CodeIgniter.php(509): CodeIgniter\CodeIgniter->runController(Object(App\Controllers\Administrateur))
 3 SYSTEMPATH\CodeIgniter.php(355): CodeIgniter\CodeIgniter->handleRequest(null, Object(Config\Cache), false)
 4 SYSTEMPATH\Boot.php(325): CodeIgniter\CodeIgniter->run()
 5 SYSTEMPATH\Boot.php(67): CodeIgniter\Boot::runCodeIgniter(Object(CodeIgniter\CodeIgniter))
 6 FCPATH\index.php(56): CodeIgniter\Boot::bootWeb(Object(Config\Paths))
 7 SYSTEMPATH\rewrite.php(44): require_once('C:\\xampp\\htdocs\\Projet_Training\\BlogPlanete_CI4\\public\\index.php')
INFO - 2024-10-05 16:36:38 --> Session: Class initialized using 'CodeIgniter\Session\Handlers\FileHandler' driver.
INFO - 2024-10-05 16:36:42 --> Session: Class initialized using 'CodeIgniter\Session\Handlers\FileHandler' driver.
CRITICAL - 2024-10-05 16:36:42 --> Error: Method name must be a string
[Method: POST, Route: administrateur/ajouterUnAvis]
in APPPATH\Controllers\Administrateur.php on line 141.
 1 SYSTEMPATH\CodeIgniter.php(933): App\Controllers\Administrateur->ajouterUnAvis()
 2 SYSTEMPATH\CodeIgniter.php(509): CodeIgniter\CodeIgniter->runController(Object(App\Controllers\Administrateur))
 3 SYSTEMPATH\CodeIgniter.php(355): CodeIgniter\CodeIgniter->handleRequest(null, Object(Config\Cache), false)
 4 SYSTEMPATH\Boot.php(325): CodeIgniter\CodeIgniter->run()
 5 SYSTEMPATH\Boot.php(67): CodeIgniter\Boot::runCodeIgniter(Object(CodeIgniter\CodeIgniter))
 6 FCPATH\index.php(56): CodeIgniter\Boot::bootWeb(Object(Config\Paths))
 7 SYSTEMPATH\rewrite.php(44): require_once('C:\\xampp\\htdocs\\Projet_Training\\BlogPlanete_CI4\\public\\index.php')
INFO - 2024-10-05 16:36:48 --> Session: Class initialized using 'CodeIgniter\Session\Handlers\FileHandler' driver.
